production_year,country_of_origin,mileage,aso_serviced,power,title,color,brand,metallic,price,first_registration,version,location,collision_free,model,type,fuel_type
2002,Polska,173 000 km,,97 KM,Toyota Corolla Toyota Corolla-Bezwypadkowy-Ekonomiczny-Prywatny właściciel,Niebieski,Toyota,,12 500,,Seria E12 (2001-2007),Gniezno,Tak,Corolla,Sedan/Limuzyna,Benzyna
2003,Polska,249 000 km,Tak,90 KM,Toyota Corolla Polski salon - ogłoszenie prywatne,Srebrny,Toyota,Tak,13 900,październik 2003,Seria E12 (2001-2007),Sierpc,Tak,Corolla,Kombi,Diesel
2003,Niemcy,223 000 km,,100 KM,Toyota Corolla,Srebrny,Toyota,Tak,7 200,kwiecień 2003,Seria E12 (2001-2007),Lublin,,Corolla,Hatchback,Diesel
2002,Niemcy,170 000 km,Tak,97 KM,Toyota Corolla,Niebieski,Toyota,Tak,11 300,,Seria E12 (2001-2007),Skarżysko-Kamienna,Tak,Corolla,Hatchback,Benzyna
2003,,208 633 km,,116 KM,Toyota Corolla Prywatne ogłoszenie POLECAM,Srebrny,Toyota,Tak,12 700,,Seria E12 (2001-2007),Laski,Tak,Corolla,Hatchback,Diesel
2005,,102 000 km,,,Toyota Corolla z Anglii Anglik V5C,Inny kolor,Toyota,,5 699,,Seria E12 (2001-2007),"Kawęczyn 1 - 87-123 Dobrzejewice, toruński, Kujawsko-pomorskie",,Corolla,Sedan/Limuzyna,Benzyna
2000,,169 000 km,,97 KM,Toyota Corolla 1.4 VVTI Lift Kombi,Czerwony,Toyota,,4 800,,Seria E11 (1997-2002),Rumia,,Corolla,Kombi,Benzyna
1994,Stany Zjednoczone,1 590 000 km,,69 KM,"Toyota Corolla Toyota Corolla - Tercel 1,5 LS",Niebieski,Toyota,Tak,4 500,sierpień 1995,Seria E10 (1992-1997),Warszawa,Tak,Corolla,Sedan/Limuzyna,Benzyna
1998,Polska,159 000 km,,85 KM,Toyota Corolla,Inny kolor,Toyota,,4 700,sierpień 1998,Seria E11 (1997-2002),Zabrze,,Corolla,Hatchback,Benzyna
2002,,160 000 km,,90 KM,Toyota Corolla zarejestrowana klimatyzacja,Zielony,Toyota,Tak,10 900,luty 2002,Seria E12 (2001-2007),"Skibin 26a - 88-200 Radziejów, radziejowski, Kujawsko-pomorskie",,Corolla,Hatchback,Diesel
2003,Niemcy,189 000 km,Tak,116 KM,Toyota Corolla 2.0 D4D * 116 Ps * Serwis * Super Stan * Po Opłatach ! !,Srebrny,Toyota,Tak,11 900,,Seria E12 (2001-2007),"ŻYMIERSKIEGO 17A - 66-200 Świebodzin, świebodziński, Lubuskie",Tak,Corolla,Kombi,Diesel
2002,Austria,206 000 km,,110 KM,Toyota Corolla Książka serwisowa ! Oryginał lakier !,Srebrny,Toyota,Tak,12 500,,Seria E12 (2001-2007),"ul. Krakowska 16A - 32-851 Jadowniki, gm. Brzesko, brzeski, Małopolskie",,Corolla,Hatchback,Diesel
2002,,201 164 km,,110 KM,"Toyota Corolla Oferta prywatna, auto bezwypadkowe !!!",Czarny,Toyota,,12 500,,Seria E12 (2001-2007),Maków Mazowiecki,Tak,Corolla,Hatchback,Diesel
2005,Polska,142 000 km,,90 KM,Toyota Corolla 142.000 km 1.4 d4d diesel ladny egemplarz poliftowa,Czerwony,Toyota,,14 900,,Seria E12 (2001-2007),Wasilków,,Corolla,Kombi,Diesel
2003,,219 000 km,Tak,90 KM,Toyota Corolla Bezwypadkowa SOL Nowy Rozrząd,Inny kolor,Toyota,Tak,12 900,czerwiec 2003,Seria E12 (2001-2007),Białystok,Tak,Corolla,Kombi,Diesel
2003,Polska,202 500 km,,110 KM,Toyota Corolla,Bordowy,Toyota,,12 000,,Seria E12 (2001-2007),Poznań,Tak,Corolla,Kombi,Benzyna
2005,Niemcy,142 000 km,Tak,110 KM,Toyota Corolla Stan bardzo ładny Bezwypadek udokumentowany przebie z Niemiec,Srebrny,Toyota,Tak,19 800,,Seria E12 (2001-2007),"ELEKTRYCZNA 2 - 33-100 Tarnów, Małopolskie",Tak,Corolla,Kombi,Benzyna
2004,Polska,232 000 km,,98 KM,"Toyota Corolla samochód uszkodzony,klimatyzacja ,srebrny metalic",Srebrny,Toyota,Tak,5 300,lipiec 2004,Seria E12 (2001-2007),Piaseczno,,Corolla,Hatchback,Benzyna
2005,,191 000 km,,90 KM,Toyota Corolla 1.4D-4D 90Ps Po opłatach *KLIMA*Lift*Sport LINE*,Srebrny,Toyota,Tak,17 900,,Seria E12 (2001-2007),"Warszawska 31 - 21-400 Łuków, łukowski, Lubelskie",Tak,Corolla,Hatchback,Diesel
1998,,226 234 km,,84 KM,Toyota Corolla serwisowana-super stan,Srebrny,Toyota,Tak,5 500,,Seria E11 (1997-2002),Aleksandrów Kujawski,,Corolla,Hatchback,Benzyna
2003,,249 000 km,Tak,110 KM,Toyota Corolla Śliczna==1.6 VVT-I 110KM==alusy==benzyna==do jazdy,Niebieski,Toyota,Tak,10 700,,Seria E12 (2001-2007),Kielce,Tak,Corolla,Hatchback,Benzyna
2004,Niemcy,165 000 km,Tak,110 KM,Toyota Corolla 110 PS / Import Niemcy ! ! !,Inny kolor,Toyota,Tak,16 700,sierpień 2004,Seria E12 (2001-2007),"RADOM - 26-600 Radom, Mazowieckie",,Corolla,Kombi,Benzyna
1995,Polska,240 000 km,,80 KM,"Toyota Corolla e10 1,3 XLI 5cio drzwiowa sprawna do jazdy od zaraz polecam",Zielony,Toyota,,4 200,,Seria E10 (1992-1997),Szczecin,Tak,Corolla,Sedan/Limuzyna,Benzyna
2003,Polska,130 000 km,Tak,97 KM,Toyota Corolla 1.4 BENZ. krajowa stan BDB,Srebrny,Toyota,Tak,12 300,,Seria E12 (2001-2007),"Sąsiedzka 16 - 43-300 Bielsko-Biała, Śląskie",,Corolla,Hatchback,Benzyna
2003,Niemcy,138 000 km,,116 KM,Toyota Corolla 2.0 D4D climatronic 5 d igła!!!,Srebrny,Toyota,Tak,14 300,wrzesień 2003,Seria E12 (2001-2007),"szkolna 18 - 72-100 Goleniów, goleniowski, Zachodniopomorskie",Tak,Corolla,Hatchback,Diesel
2004,Niemcy,172 848 km,Tak,116 KM,Toyota Corolla 2.0 D4D Klima 5 drzwi Opłacona Śliczna z Gwarancją,Szary,Toyota,Tak,15 800,kwiecień 2004,Seria E12 (2001-2007),"Rejowiecka 170 A - 22-100 Chełm, Lubelskie",Tak,Corolla,Hatchback,Diesel
1997,Polska,265 000 km,Tak,75 KM,Toyota Corolla Niezawodna rodzinna Corolla E11 1.3 kombi od pierwszego właściciela!,Srebrny,Toyota,Tak,4 500,listopad 1997,Seria E11 (1997-2002),Chorzów,,Corolla,Kombi,Benzyna
2004,Austria,95 000 km,Tak,,"Toyota Corolla 1,4 benzyna lift opłacony/////",Srebrny,Toyota,Tak,16 500,,Seria E12 (2001-2007),Bielsko-Biała,,Corolla,Hatchback,Benzyna
2003,Polska,269 000 km,,97 KM,"Toyota Corolla Toyota Corolla E12 Kombi 1,4 VVT-i 16V stan bdb - tanio",Niebieski,Toyota,,7 990,październik 2003,Seria E12 (2001-2007),Poznań,Tak,Corolla,Kombi,Benzyna
2003,,229 078 km,,116 KM,Toyota Corolla 2.0 D4D,Srebrny,Toyota,Tak,13 200,,Seria E12 (2001-2007),Mszczonów,,Corolla,Hatchback,Diesel
1998,Polska,97 800 km,,55 KM,Toyota Corolla Toyota Corolla 97Tyś Przebiegu Orginał Salon Polska 2 Właścicieli,Srebrny,Toyota,Tak,7 000,lipiec 1998,Seria E11 (1997-2002),Warszawa,Tak,Corolla,Hatchback,Benzyna
2005,Polska,220 000 km,,90 KM,Toyota Corolla,Biały,Toyota,,16 000,luty 2006,Seria E12 (2001-2007),Piaseczno,Tak,Corolla,Hatchback,Diesel
2004,Polska,142 314 km,Tak,97 KM,Toyota Corolla Salon Polska,Inny kolor,Toyota,Tak,17 900,,Seria E12 (2001-2007),Warszawa,Tak,Corolla,Hatchback,Benzyna
2000,Niemcy,153 000 km,,97 KM,Toyota Corolla bezwypadkowy stan bdb,Niebieski,Toyota,Tak,6 800,grudzień 2000,Seria E11 (1997-2002),"ul. Fordońska 250 - 85-766 Bydgoszcz, Kujawsko-pomorskie",Tak,Corolla,Hatchback,Benzyna
2002,,190 000 km,,90 KM,Toyota Corolla,Inny kolor,Toyota,Tak,12 000,,Seria E12 (2001-2007),Kielce,,Corolla,Hatchback,Benzyna
2005,Polska,120 334 km,Tak,110 KM,Toyota Corolla 1 Wł.Salon PL Serwisowany,Srebrny,Toyota,Tak,18 900,wrzesień 2005,Seria E12 (2001-2007),Sokołów Podlaski,Tak,Corolla,Sedan/Limuzyna,Benzyna
2000,,213 000 km,,69 KM,Toyota Corolla 1.9 TDI,Bordowy,Toyota,,5 400,,Seria E11 (1997-2002),"Tarnowska 140 A - 33-300 Nowy Sącz, Małopolskie",,Corolla,Hatchback,Diesel
2004,,120 000 km,,116 KM,Toyota Corolla Toyota Corolla 2004 Okazja!!!,Czarny,Toyota,Tak,11 000,,Seria E12 (2001-2007),Siedlce,Tak,Corolla,Hatchback,Diesel
2002,Polska,232 577 km,Tak,97 KM,"Toyota Corolla Serwisowana w ASO, udokumentowana historia, zadbana",Zielony,Toyota,,10 500,kwiecień 2002,Seria E12 (2001-2007),Wrocław,Tak,Corolla,Hatchback,Benzyna
1991,,119 500 km,,75 KM,Toyota Corolla E9 COMPACT Legendarna 1.3 75KM OKAZJA,Czerwony,Toyota,,2 100,,Seria E9 (1987-1992),Czechowice-Dziedzice,,Corolla,Hatchback,Benzyna
1998,Polska,290 000 km,,86 KM,Toyota Corolla Niezawodny Japończyk -Krajowy,Biały,Toyota,,4 600,,Seria E11 (1997-2002),"NIEPODLEGŁOŚCI 2 - 42-480 Poręba, zawierciański, Śląskie",Tak,Corolla,Kombi,Benzyna
2004,Niemcy,143 708 km,,110 KM,Toyota Corolla Vvti,Niebieski,Toyota,Tak,14 900,wrzesień 2004,Seria E12 (2001-2007),"Katowicka 233 - 43-450 Ustroń, cieszyński, Śląskie",Tak,Corolla,Kombi,Benzyna
2003,Polska,160 000 km,,97 KM,"Toyota Corolla 1,4 97 KM 2003, Salon Polska, Faktura VAT",Czerwony,Toyota,Tak,10 900,grudzień 2013,Seria E12 (2001-2007),Kraków,Tak,Corolla,Hatchback,Benzyna
2002,Austria,136 000 km,Tak,90 KM,"Toyota Corolla 2,0 DiD",Srebrny,Toyota,Tak,13 600,listopad 2002,Seria E12 (2001-2007),"Makowska 18 - 34-200 Sucha Beskidzka, suski, Małopolskie",Tak,Corolla,Hatchback,Diesel
2002,Niemcy,170 000 km,Tak,97 KM,Toyota Corolla 1.4VVTi Klima super stan,Srebrny,Toyota,Tak,7 700,,Seria E11 (1997-2002),"Milczańska 31c parking TESCO - 70-107 Szczecin, Zachodniopomorskie",Tak,Corolla,Hatchback,Benzyna
2002,,217 000 km,Tak,110 KM,"Toyota Corolla 2.0 D4D Klima, Ekonomiczny, Extra Stan !!",Szary,Toyota,Tak,13 500,,Seria E12 (2001-2007),"CHEŁM  ul.Chemiczna 11b  LUBLIN  Trasa Dorohusk - 22-100 Chełm, Lubelskie",,Corolla,Sedan/Limuzyna,Diesel
2004,Niemcy,226 140 km,Tak,116 KM,Toyota Corolla sprzedam,Srebrny,Toyota,,16 900,marzec 2015,Seria E12 (2001-2007),Radomsko,Tak,Corolla,Hatchback,Diesel
2003,,182 000 km,Tak,110 KM,"Toyota Corolla 1.6 ""SOL"", 100% oryginał, klimatronik ASO, stan ideał!",Szary,Toyota,Tak,17 500,,Seria E12 (2001-2007),"Prądnicka 44a - 31-202 Kraków, Krowodrza",Tak,Corolla,Hatchback,Benzyna
2005,Niemcy,134 000 km,Tak,97 KM,Toyota Corolla KLIMATRONIC po LIFCIE z Niemiec po opłatach,Niebieski,Toyota,Tak,15 400,wrzesień 2005,Seria E12 (2001-2007),"Puszczykowo - 62-040 Puszczykowo, poznański, Wielkopolskie",Tak,Corolla,Hatchback,Benzyna
1998,,175 000 km,,72 KM,Toyota Corolla 2.0 DIESEL Extra Stan Super Cena!!!,Niebieski,Toyota,Tak,5 400,,Seria E11 (1997-2002),"CHEŁM  ul.Chemiczna 11b  LUBLIN  Trasa Dorohusk - 22-100 Chełm, Lubelskie",,Corolla,Hatchback,Diesel
2002,Niemcy,244 979 km,Tak,90 KM,"Toyota Corolla 2,0 D4d*Klima*Serwis*Z Niemiec*Opłacona*GWARANCJA!!",Inny kolor,Toyota,Tak,13 300,,Seria E12 (2001-2007),"Kochanowskiego 13 - 73-110 Stargard Szczeciński, stargardzki, Zachodniopomorskie",Tak,Corolla,Kombi,Diesel
2005,Niemcy,125 160 km,Tak,110 KM,Toyota Corolla Toyota Corolla FL! Alu! Stan BDB! Z Niemiec!,Złoty,Toyota,Tak,17 800,,Seria E12 (2001-2007),"Radom - 26-600 Radom, Mazowieckie",Tak,Corolla,Hatchback,Benzyna
2005,,120 000 km,Tak,116 KM,Toyota Corolla Gwarancja,Srebrny,Toyota,,20 900,,Seria E12 (2001-2007),"Krasne, przy trasie E40 - 36-007 Krasne, rzeszowski, Podkarpackie",Tak,Corolla,Hatchback,Diesel
2002,,208 000 km,,110 KM,Toyota Corolla 2.0 D4D 110KM Klima Komp Alufelgi 5 drzwi Zadbana Koła lato + zima,Czarny,Toyota,Tak,12 400,czerwiec 2002,Seria E12 (2001-2007),"UL. BIELSKA OBOK NR. 1145 - 43-374 Buczkowice, bielski, Śląskie",,Corolla,Hatchback,Diesel
2003,Polska,230 000 km,Tak,120 KM,"Toyota Corolla Toyota Corolla Combi stan bardzo dobry, bezwypadkowy",Biały,Toyota,,9 900,sierpień 2003,Seria E12 (2001-2007),Gdynia,Tak,Corolla,Kombi,Benzyna
2005,Niemcy,160 000 km,Tak,97 KM,Toyota Corolla z Niemiec,Srebrny,Toyota,Tak,18 800,,Seria E12 (2001-2007),Skorzeszyce,Tak,Corolla,Hatchback,Benzyna
2003,Polska,169 000 km,,98 KM,Toyota Corolla autko z polskiego salonu,Srebrny,Toyota,Tak,12 900,,Seria E12 (2001-2007),Osięciny,,Corolla,Sedan/Limuzyna,Benzyna+LPG
2005,Niemcy,153 000 km,,110 KM,Toyota Corolla Stan idealny bezwypadek Gwarancja,Srebrny,Toyota,Tak,22 800,,Seria E12 (2001-2007),"ELEKTRYCZNA 2 - 33-100 Tarnów, Małopolskie",Tak,Corolla,Hatchback,Benzyna
2005,,138 000 km,Tak,110 KM,Toyota Corolla Stan Idealny Gwarancja pełna dkoumentacja oryginalny lakier,Srebrny,Toyota,,22 900,,Seria E12 (2001-2007),"ELEKTRYCZNA 2 - 33-100 Tarnów, Małopolskie",Tak,Corolla,Hatchback,Benzyna
2004,Polska,1 km,Tak,90 KM,Toyota Corolla BARDZO DOBRY GAZ sekwencyjny salonowy,Czerwony,Toyota,,13 700,,Seria E12 (2001-2007),"BIAŁYSTOK-POROSŁY KOL.wylot na Warszawę - 16-070 Porosły-Kolonia, białostocki, Podlaskie",,Corolla,Sedan/Limuzyna,Benzyna+LPG
2005,,92 000 km,Tak,110 KM,Toyota Corolla Bezwypadkowy-92tys km-Serwis ASO TOYOTA-Zadbany-1.6i 110km,Srebrny,Toyota,Tak,16 900,,Seria E12 (2001-2007),". - 32-600 Oświęcim, oświęcimski, Małopolskie",Tak,Corolla,Kombi,Benzyna
2004,,143 560 km,,97 KM,Toyota Corolla 1.4 VVTi,Czerwony,Toyota,,12 490,,Seria E12 (2001-2007),"ul. Golisza 6 - 71-682 Szczecin, Zachodniopomorskie",Tak,Corolla,Hatchback,Benzyna
2004,,272 414 km,Tak,115 KM,"Toyota Corolla Volvo V40 1,9D 115KM JEDEN WŁAŚCICIEL,Navi, Xenon, Bezwypadkowy, NAP",Srebrny,Toyota,Tak,11 000,,Seria E12 (2001-2007),Siedlce,Tak,Corolla,Kombi,Diesel
2000,,203 000 km,,90 KM,Toyota Corolla 1.4 benzyna śliczna,Srebrny,Toyota,Tak,6 800,,Seria E11 (1997-2002),Kraków,,Corolla,Hatchback,Benzyna
2005,,105 000 km,,130 KM,"Toyota Corolla 1,8 GAZ delikatnie uszkodzony przód, jeździ",Brązowy,Toyota,Tak,9 100,,Seria E12 (2001-2007),"ul.Jasnogórska 38 - 31-358 Kraków, Małopolskie",,Corolla,Sedan/Limuzyna,Benzyna+LPG
2005,,108 000 km,Tak,97 KM,Toyota Corolla Klimatronik 5 drzwi Lift,Inny kolor,Toyota,Tak,17 900,,Seria E12 (2001-2007),"Poznanska 109 - 62-200 Gniezno, gnieźnieński, Wielkopolskie",Tak,Corolla,Hatchback,Benzyna
2004,Włochy,169 000 km,,116 KM,Toyota Corolla 2.0 Diesel Klimatronic Opłacona,Inny kolor,Toyota,,14 800,,Seria E12 (2001-2007),"SZOSA TORUŃSKA  51 - 86-300 Grudziądz, Kujawsko-pomorskie",,Corolla,Hatchback,Diesel
2005,,179 964 km,,,Toyota Corolla 2.0 D4D Super Okazja,Szary,Toyota,,13 900,marzec 2005,Seria E12 (2001-2007),"Wilanów 30b - 28-300 Jędrzejów, jędrzejowski, Świętokrzyskie",,Corolla,Hatchback,Diesel
2004,Polska,163 000 km,,97 KM,"Toyota Corolla TOYOTA COROLLA 1,4 VVT-i Polski Salon",Srebrny,Toyota,Tak,14 500,kwiecień 2004,Seria E12 (2001-2007),Warszawa,,Corolla,Hatchback,Benzyna
2005,Niemcy,141 344 km,Tak,97 KM,Toyota Corolla 1.4i-Nowy Model-100% Serwis Toyota-PO OPŁATACH-z Niemiec-IGŁA,Niebieski,Toyota,Tak,17 700,grudzień 2005,Seria E12 (2001-2007),"Dźbowska 66 - 42-202 Częstochowa, Śląskie",Tak,Corolla,Hatchback,Benzyna
1998,,205 000 km,,86 KM,Toyota Corolla,Zielony,Toyota,,5 800,,Seria E11 (1997-2002),Sopot,Tak,Corolla,Sedan/Limuzyna,Benzyna
2005,Polska,119 000 km,Tak,90 KM,"Toyota Corolla IWŁ,2005/06,1.4 D4D,Salon Polska,Klima,5 drzwiowy",Srebrny,Toyota,Tak,19 500,luty 2006,Seria E12 (2001-2007),Mińsk Mazowiecki,Tak,Corolla,Hatchback,Diesel
2005,,134 000 km,Tak,116 KM,Toyota Corolla 2.0 D- 4D 116 KM Stan Wzorowy Klimatronic,Niebieski,Toyota,Tak,17 500,,Seria E12 (2001-2007),"Al. Spółdzielczości Pracy 42 A - 20-147 Lublin, Lubelskie",,Corolla,Hatchback,Diesel
2005,Polska,150 000 km,,110 KM,"Toyota Corolla Unikatowa E12, lift 1.6 VVT-i,pakiet TTE (T-SPORT,TRD),PL ASO",Srebrny,Toyota,Tak,22 500,styczeń 2005,Seria E12 (2001-2007),Olsztyn,Tak,Corolla,Hatchback,Benzyna
2003,Niemcy,258 341 km,Tak,116 KM,Toyota Corolla Toyota Corolla e12 Sol D4D 116km prywatna zadbana,Czerwony,Toyota,,12 500,sierpień 2003,Seria E12 (2001-2007),Żory,Tak,Corolla,Hatchback,Diesel
2003,Polska,251 000 km,,96 KM,"Toyota Corolla Salon PL, Klima, el.szyby, el.lusterka",Czerwony,Toyota,,11 900,,Seria E12 (2001-2007),"róg AL.JANA PAWŁA II / UL. OBYWATELSKA - 93-562 Łódź, Górna",,Corolla,Hatchback,Benzyna
2004,,233 000 km,,90 KM,Toyota Corolla 2.0d4d 2004r salon polska sprawna klima najtaniej,Inny kolor,Toyota,,5 999,,Seria E12 (2001-2007),Warszawa,,Corolla,Kombi,Diesel
2003,,261 000 km,,,Toyota Corolla z instalacją GAZOWĄ !,Niebieski,Toyota,,9 200,,Seria E12 (2001-2007),"Aleja Piłsudskiego 2h - 41-300 Dąbrowa Górnicza, Śląskie",,Corolla,Hatchback,Benzyna+LPG
2003,Polska,143 000 km,,97 KM,Toyota Corolla 1.4 VVT-i Klima Salon Polska !!!,Srebrny,Toyota,Tak,12 900,,Seria E12 (2001-2007),"Lwowska 92 (droga E40 1 km przed AUCHAN) - 35-301 Rzeszów, Podkarpackie",Tak,Corolla,,Benzyna
2004,Polska,170 000 km,,1 KM,Toyota Corolla Toyota Corolla 2.0 turbo diesel sprawny ekonomiczny zadbany,Niebieski,Toyota,,7 900,,Seria E12 (2001-2007),"KRAKÓW - 30-631 Kraków, Podgórze Duchackie",,Corolla,Kombi,Diesel
2004,Polska,173 000 km,Tak,120 KM,"Toyota Corolla Kombi 1,6 VVTi KRAJOWY klimatyzacja udokumentowany przebieg serwis ASO",Czarny,Toyota,Tak,14 700,kwiecień 2004,Seria E12 (2001-2007),Pszczyna,,Corolla,Kombi,Benzyna
2004,,150 000 km,,96 KM,Toyota Corolla,Srebrny,Toyota,Tak,4 600,czerwiec 2004,Seria E12 (2001-2007),Zambrów,,Corolla,Sedan/Limuzyna,Benzyna
2005,Polska,159 000 km,,90 KM,Toyota Corolla Toyota Corolla - Krajowa,Srebrny,Toyota,Tak,18 500,maj 2005,Seria E12 (2001-2007),Popów,Tak,Corolla,Hatchback,Diesel
2002,,217 000 km,,90 KM,"Toyota Corolla 2002r, 2.0 D4D, klimatronic, zar.w PL,",Srebrny,Toyota,Tak,9 900,,Seria E12 (2001-2007),Łochów,Tak,Corolla,Kombi,Diesel
2001,Włochy,174 000 km,,110 KM,Toyota Corolla,Srebrny,Toyota,Tak,8 000,listopad 2007,Seria E11 (1997-2002),Kraków,,Corolla,Hatchback,Benzyna
1998,Szwajcaria,280 000 km,Tak,,Toyota Corolla 1.6 benzyna! Klimatyzacja_elektryczne szyby_itp! Polecam,Srebrny,Toyota,Tak,7 900,,Seria E11 (1997-2002),"Olszowa 24 - 96-300 Żyrardów, żyrardowski, Mazowieckie",Tak,Corolla,Hatchback,Benzyna
2000,,102 505 km,,86 KM,Toyota Corolla z klimatyzacja NISKI PRZEBIEG,Srebrny,Toyota,Tak,6 900,,Seria E11 (1997-2002),"SZOSA TORUŃSKA 27 - 86-300 Grudziądz, Kujawsko-pomorskie",Tak,Corolla,Hatchback,Benzyna
2003,,208 000 km,,110 KM,"Toyota Corolla diesel D4D, 81 kW",Srebrny,Toyota,Tak,13 700,,Seria E12 (2001-2007),Radom,Tak,Corolla,Hatchback,Diesel
2005,,144 000 km,Tak,90 KM,Toyota Corolla +D4D 1.4 90Ps+Klimatronik+Lift+Automat+Wersja Sol !!!,Niebieski,Toyota,Tak,18 900,,Seria E12 (2001-2007),"Os.Jagielońskie 19/8 - 62-200 Gniezno, gnieźnieński, Wielkopolskie",Tak,Corolla,Hatchback,Diesel
1997,Niemcy,176 615 km,,86 KM,Toyota Corolla GAZ + Klimatyzacja,Niebieski,Toyota,Tak,4 000,wrzesień 1997,Seria E11 (1997-2002),Kutno,Tak,Corolla,Hatchback,Benzyna+LPG
2002,Niemcy,230 000 km,,90 KM,Toyota Corolla 2.0 D-4D / Klimatyzacja / 5-drzwi / Zarejestrowany / Auto z GWARANCJĄ,Zielony,Toyota,Tak,14 400,marzec 2002,Seria E12 (2001-2007),"Moniuszki 31A - 67-400 Wschowa, wschowski, Lubuskie",Tak,Corolla,Hatchback,Diesel
2001,,192 000 km,,90 KM,"Toyota Corolla Corolla E11 2001r. 2.0 D4D , KLIMA",Zielony,Toyota,,5 000,,Seria E11 (1997-2002),Słupno,,Corolla,Hatchback,Diesel
1998,,235 600 km,,,Toyota Corolla Zadbana,Inny kolor,Toyota,,4 500,,Seria E11 (1997-2002),Grodzisk Mazowiecki,,Corolla,Hatchback,Benzyna+LPG
2004,,120 756 km,,140 KM,"Toyota Corolla 2,0 D 4-D Anglik LIFT",Srebrny,Toyota,,5 100,,Seria E12 (2001-2007),Byczyna,,Corolla,Hatchback,Diesel
2004,Niemcy,178 000 km,,116 KM,"Toyota Corolla 2,0 D-4D Klimatronic-opłacony",Srebrny,Toyota,Tak,14 900,,Seria E12 (2001-2007),"BIAŁOWIESKA 2 - 71- 010 Szczecin, Śródmieście",Tak,Corolla,Hatchback,Diesel
2005,Niemcy,125 000 km,Tak,110 KM,"Toyota Corolla 1.6i GAZ-LPG Klimatronik,Parktronik SOL Opłacona Niemcy",Niebieski,Toyota,Tak,19 900,czerwiec 2005,Seria E12 (2001-2007),"ul. Partyzancka 73 - 95-200 Pabianice, pabianicki, Łódzkie",Tak,Corolla,Hatchback,Benzyna+LPG
2000,,248 627 km,,90 KM,Toyota Corolla 1.4benz klima ważne opłaty 2000r.,Fioletowy,Toyota,,4 950,,Seria E11 (1997-2002),"SKŁADOWA 5 - 15-399 Białystok, Dojlidy",,Corolla,Hatchback,Benzyna
2004,Polska,165 000 km,,96 KM,Toyota Corolla Salon Polska I Własciciel 1.4 benzyna,Inny kolor,Toyota,Tak,14 900,,Seria E12 (2001-2007),"ul.6-go Sierpnia 71 rog al.Włókniarzy - 92-525 Łódź, Śródmieście",,Corolla,Hatchback,Benzyna
2002,Polska,196 050 km,Tak,97 KM,Toyota Corolla,Srebrny,Toyota,,11 900,,Seria E12 (2001-2007),"SZCZECINSKA 42 - 76-200 Słupsk, Pomorskie",,Corolla,Sedan/Limuzyna,Benzyna
2000,,230 km,,95 KM,Toyota Corolla toyota corolla 2000r stan b dobry zamiana,Biały,Toyota,,5 900,,Seria E11 (1997-2002),Opole,,Corolla,Hatchback,Benzyna
1999,Polska,133 000 km,Tak,,Toyota Corolla SALON POLSKA - I Właściciel - 133tyś KM !!!,Czerwony,Toyota,,8 500,,Seria E11 (1997-2002),Sierpc,Tak,Corolla,Hatchback,Diesel
1998,,145 698 km,,,Toyota Corolla E 11 Hatchback 1998 rok 1.4 XLI,Srebrny,Toyota,Tak,4 999,,Seria E11 (1997-2002),Chodecz,,Corolla,Hatchback,Benzyna
2003,Austria,198 000 km,,125 KM,Toyota Corolla Bezwypadkowa w super stanie diesel D4D niezawodna,Srebrny,Toyota,Tak,12 900,,Seria E12 (2001-2007),Ślemień,Tak,Corolla,Hatchback,Diesel
1998,Polska,219 062 km,,110 KM,"Toyota Corolla e11 bezwypadkowy, garażowany, w dobrym stanie technicznym",Srebrny,Toyota,Tak,6 000,,Seria E11 (1997-2002),Zgierz,Tak,Corolla,Sedan/Limuzyna,Benzyna
2005,,215 000 km,,116 KM,Toyota Corolla TOYOTA Corolla D4D 2.0 116km ODO:215000km,Niebieski,Toyota,Tak,22 400,,Seria E12 (2001-2007),Szydłowiec,Tak,Corolla,Hatchback,Diesel
1997,Polska,140 000 km,Tak,,Toyota Corolla Toyota Corolla E10 piękna ZADBANA ORYGINALNY PRZEBIEG !!!,Srebrny,Toyota,Tak,5 000,marzec 1997,Seria E10 (1992-1997),Brzesko,,Corolla,Sedan/Limuzyna,Benzyna
2004,Francja,63 600 km,Tak,110 KM,Toyota Corolla 1.6 VVT-i!! SOL!! Bogata Wersja!! Klima!! Alu!!,Srebrny,Toyota,Tak,14 000,grudzień 2004,Seria E12 (2001-2007),"Al. Kazimierza 12 ( Pchli Targ ) - 87-800 Włocławek, Kujawsko-pomorskie",,Corolla,Hatchback,Benzyna
2004,Niemcy,154 172 km,,110 KM,"Toyota Corolla Toyota Corolla Ogłoszenie prywatne,okazja!",Srebrny,Toyota,,12 500,listopad 2004,Seria E12 (2001-2007),Limanowa,,Corolla,Hatchback,Benzyna
1997,Niemcy,234 000 km,,,Toyota Corolla E 11 / 1997 / wersja japońska,Niebieski,Toyota,,5 400,sierpień 1997,Seria E11 (1997-2002),Bielsko-Biała,,Corolla,Hatchback,Benzyna
2003,Niemcy,250 km,,116 KM,"Toyota Corolla - czysta, zadbana, właściciel niepalący.",Srebrny,Toyota,Tak,14 000,maj 2003,Seria E12 (2001-2007),Halinów,Tak,Corolla,Hatchback,Diesel
2005,Niemcy,117 000 km,Tak,110 KM,Toyota Corolla Śliczna COROLLA 1.6i TYLKO 117ooo Bardzo zadbany ORYGINAŁ z Niemiec,Czerwony,Toyota,,15 999,,Seria E12 (2001-2007),"Dębowa 2 - 83-047 Jodłowno, gdański, Pomorskie",Tak,Corolla,Kombi,Benzyna
2003,Polska,159 000 km,,,"Toyota Corolla 5 drzwi, klimatyzacja, alu, benzyna!! Łódź",Czarny,Toyota,Tak,22 500,,Seria E12 (2001-2007),Bratoszewice,,Corolla,Hatchback,Benzyna
2004,Niemcy,168 000 km,Tak,110 KM,Toyota Corolla 1.6 benzyna LIFT klima alu GWARANCJA VIP 5 drzwi,Czarny,Toyota,Tak,18 900,,Seria E12 (2001-2007),"Sielska 45A - 10-801 Olsztyn, Warmińsko-mazurskie",Tak,Corolla,Hatchback,Benzyna
1997,Polska,157 000 km,Tak,86 KM,"Toyota Corolla Toyota corolla, technicznie ideał!",Niebieski,Toyota,Tak,7 700,listopad 1997,Seria E11 (1997-2002),Piaseczno,Tak,Corolla,Hatchback,Benzyna+LPG
2005,Polska,130 000 km,Tak,85 KM,Toyota Corolla stan idealny,Szary,Toyota,Tak,17 500,listopad 2005,Seria E12 (2001-2007),Warszawa,Tak,Corolla,Hatchback,Diesel
2004,Polska,82 000 km,,97 KM,Toyota Corolla Corolla kombi polaris salon bezwypadkowy,Inny kolor,Toyota,,18 000,październik 2004,Seria E12 (2001-2007),Warszawa,,Corolla,Kombi,Benzyna
2002,Polska,200 000 km,,97 KM,"Toyota Corolla 1,4 vvti",Zielony,Toyota,Tak,10 000,kwiecień 2002,Seria E12 (2001-2007),Pabianice,Tak,Corolla,Hatchback,Benzyna
2002,Polska,165 000 km,,110 KM,Toyota Corolla 1.6 VVT-i Salon POLSKA 5-drzwiowy,Czarny,Toyota,Tak,9 999,,Seria E12 (2001-2007),"Madalińskiego 4 - 70-101 Szczecin, Zachodniopomorskie",,Corolla,Hatchback,Benzyna
2000,,189 999 km,,99 KM,Toyota Corolla,Srebrny,Toyota,Tak,2 600,,Seria E11 (1997-2002),"zupanskiego 9 - 71-440 Szczecin, Zachód",,Corolla,Sedan/Limuzyna,Benzyna
2004,Polska,158 000 km,Tak,116 KM,"Toyota Corolla Salon Polska, rej. 2005",Srebrny,Toyota,Tak,20 200,styczeń 2005,Seria E12 (2001-2007),Góra Kalwaria,Tak,Corolla,Sedan/Limuzyna,Diesel
2002,Niemcy,211 803 km,Tak,110 KM,Toyota Corolla ZAREJESTROWANY Bezwypadkowy Klimatronik Serwis VIP GWARANCJA,Srebrny,Toyota,Tak,11 900,październik 2002,Seria E12 (2001-2007),"ul. Główna 56 - 42-200 Częstochowa, Śląskie",Tak,Corolla,Hatchback,Diesel
2005,,208 000 km,,,Toyota Corolla,Srebrny,Toyota,,15 900,,Seria E12 (2001-2007),"Toruńska 58b - 87-162 Lubicz Dolny, toruński, Kujawsko-pomorskie",,Corolla,Hatchback,Diesel
2005,Niemcy,192 000 km,,110 KM,"Toyota Corolla 1,6 VVTi,Klimatronik,Super stan!!",Czerwony,Toyota,,14 900,,Seria E12 (2001-2007),"Główna 19 - 89-500 Tuchola, tucholski, Kujawsko-pomorskie",Tak,Corolla,Kombi,Benzyna
2004,,177 000 km,Tak,97 KM,Toyota Corolla * stan idealny * od osoby prywatnej * alufelgi * opony zimowe *,Czerwony,Toyota,,13 450,kwiecień 2004,Seria E12 (2001-2007),Gdańsk,Tak,Corolla,Hatchback,Benzyna
2004,Polska,76 000 km,Tak,110 KM,"Toyota Corolla Prestige, Stan Idealny, Krajowy II Wł.",Srebrny,Toyota,Tak,21 900,,Seria E12 (2001-2007),"2 lokalizacje (czytaj w opisie) - 87-100 Toruń, Kujawsko-pomorskie",Tak,Corolla,Hatchback,Benzyna
2002,,219 000 km,,90 KM,Toyota Corolla,Czerwony,Toyota,,9 900,,Seria E12 (2001-2007),Kielce,,Corolla,Hatchback,Benzyna
1997,Polska,240 000 km,,86 KM,Toyota Corolla 1.4i SALON POLSKA auto na lata,Czarny,Toyota,Tak,3 200,,Seria E11 (1997-2002),Otwock,,Corolla,Hatchback,Benzyna
2005,,194 000 km,Tak,90 KM,Toyota Corolla 1.4 D4D Zarejestrowany w Polsce Serwisowany,Inny kolor,Toyota,Tak,12 900,,Seria E12 (2001-2007),"Krakowska 62 - 34-730 Mszana Dolna, limanowski, Małopolskie",Tak,Corolla,Hatchback,Diesel
2003,Polska,158 601 km,Tak,97 KM,Toyota Corolla rej. 2004,Niebieski,Toyota,,12 600,luty 2004,Seria E12 (2001-2007),Ząbki,Tak,Corolla,Hatchback,Benzyna
2004,,1 km,,1 KM,Toyota Corolla Toyota Corolla 2004 2.0 D4D klimatyzacja,Szary,Toyota,,5 500,,Seria E12 (2001-2007),Kraków,,Corolla,Kombi,Diesel
2004,Polska,141 200 km,,,"Toyota Corolla 1.6 VVTI 4 x el.szyby,alufelgi,wersja SOL,",Srebrny,Toyota,Tak,5 999,,Seria E12 (2001-2007),Chodecz,,Corolla,Hatchback,Benzyna
2003,Polska,201 000 km,,110 KM,Toyota Corolla Salon ! Klima ! Ładna !,Niebieski,Toyota,,15 300,,Seria E12 (2001-2007),"ul. Gnieźnieńska 32 - 75-736 Koszalin, Zachodniopomorskie",,Corolla,Kombi,Benzyna
2003,Niemcy,200 000 km,,110 KM,"Toyota Corolla navi, jeden właściciel w kraju",Biały,Toyota,,11 900,sierpień 2003,Seria E12 (2001-2007),"Częstochowska 74 - 42-270 Konary, częstochowski, Śląskie",Tak,Corolla,Kombi,Benzyna
2004,Polska,106 825 km,Tak,97 KM,Toyota Corolla,Czerwony,Toyota,,15 900,,Seria E12 (2001-2007),"AL. POKOJU 57 - 31-564 Kraków, Czyżyny",,Corolla,Hatchback,Benzyna
2005,,223 000 km,Tak,70 KM,"Toyota Corolla kombi, poj 1,4 , autogaz z Toyoty, idealny stan OKAZJA",Srebrny,Toyota,Tak,14 900,,Seria E12 (2001-2007),Gajków,Tak,Corolla,Kombi,Benzyna+LPG
2004,Polska,114 000 km,Tak,,"Toyota Corolla 1,4 VVT-i Terra Polaris, Krajowa",Srebrny,Toyota,,16 500,,Seria E12 (2001-2007),Szczecin,Tak,Corolla,Hatchback,Benzyna
2002,,274 000 km,,110 KM,"Toyota Corolla ABS, klimatronik, elektryczne lusterka, kierownica wielofunkcyjna",Inny kolor,Toyota,Tak,9 800,,Seria E12 (2001-2007),Swarzędz,,Corolla,Hatchback,Benzyna
2003,Niemcy,228 000 km,,90 KM,"Toyota Corolla Toyota Corolla 2,0 D4D*TD BDB Stan !! 1 wł !! okazja ! zobacz !! 2003r",Inny kolor,Toyota,,9 900,,Seria E12 (2001-2007),Jerzmanowice,Tak,Corolla,Kombi,Diesel
2002,Polska,105 500 km,,97 KM,"Toyota Corolla Gwarancja przebiegu , 100 % bezwypadkowy i bezkolizyjny",Czerwony,Toyota,,13 900,sierpień 2002,Seria E12 (2001-2007),Będzin,Tak,Corolla,Sedan/Limuzyna,Benzyna
2000,Polska,170 000 km,,,Toyota Corolla,Niebieski,Toyota,,5 000,,Seria E11 (1997-2002),Chełmiec,Tak,Corolla,Hatchback,Benzyna
1996,,228 000 km,,75 KM,Toyota Corolla Toyota corolla + opony zimowe + elektryczne szyby i szyberdach,Szary,Toyota,,1 800,,Seria E10 (1992-1997),Żagań,,Corolla,Hatchback,Benzyna
2003,Polska,167 000 km,,97 KM,Toyota Corolla Prywatne,Srebrny,Toyota,Tak,14 000,maj 2003,Seria E12 (2001-2007),Skierniewice,Tak,Corolla,Kombi,Benzyna
1996,Polska,164 000 km,,75 KM,"Toyota Corolla 1. właściciel, klimatyzacja",Czerwony,Toyota,,5 000,czerwiec 1996,Seria E10 (1992-1997),Wrocław,Tak,Corolla,Sedan/Limuzyna,Benzyna
2003,,1 km,,110 KM,Toyota Corolla toyota corolla e12 SOUL,Czarny,Toyota,,9 500,,Seria E12 (2001-2007),Gdynia,,Corolla,Kombi,Diesel
2002,,187 000 km,,90 KM,Toyota Corolla,Czerwony,Toyota,,7 999,,Seria E12 (2001-2007),Bydgoszcz,,Corolla,Hatchback,Diesel
2004,Niemcy,165 000 km,,110 KM,Toyota Corolla Sol benzyna+LPG 1.6 VVTi Klimatronic - pierwsza rejestracja 02.2005 r.,Srebrny,Toyota,Tak,20 900,luty 2005,Seria E12 (2001-2007),Tomaszów Lubelski,Tak,Corolla,Hatchback,Benzyna+LPG
1998,,189 000 km,,,Toyota Corolla sprzedam niezawodny japoński rodzinny samochód z gazem i klimą!!!,Szary,Toyota,Tak,4 500,,Seria E11 (1997-2002),Mielec,,Corolla,Kombi,Benzyna+LPG
2004,Polska,160 000 km,Tak,110 KM,Toyota Corolla 1.6 VVT-i BARDZO ŁADNA zadbana bezwypadkowa POLECAM klimatyzacja,Niebieski,Toyota,Tak,15 800,grudzień 2003,Seria E12 (2001-2007),Proszowice,Tak,Corolla,Hatchback,Benzyna
2004,Niemcy,189 800 km,Tak,97 KM,"Toyota Corolla 1 właściciel,Niemiecki,Serwisowany,Bezwypadkowy,Piękny",Srebrny,Toyota,Tak,14 990,sierpień 2004,Seria E12 (2001-2007),"Boguszyce 102 e - 56-400 Oleśnica, Oleśnica",Tak,Corolla,Kombi,Benzyna
2002,,170 000 km,,,Toyota Corolla 1.6i+LPG*Automat*,Srebrny,Toyota,Tak,9 200,,Seria E12 (2001-2007),"Nowodworska 1a róg Warszawskiej - 05-119 Michałów-Reginów, legionowski, Mazowieckie",,Corolla,Hatchback,Benzyna+LPG
2005,,175 200 km,Tak,90 KM,Toyota Corolla 2.0 D4D SOL Oryginał 175tys km Bezwypadkowa Bez DPF ASO Piękna,Szary,Toyota,Tak,16 700,,Seria E12 (2001-2007),"Biała Podlaska/ Lublin - 21-500 Biała Podlaska, Lubelskie",Tak,Corolla,Kombi,Diesel
2000,Polska,187 000 km,,86 KM,Toyota Corolla Stan bdb bez korozji salon polska!!,Biały,Toyota,,3 550,sierpień 2000,Seria E11 (1997-2002),"Wrzeszcz - 80-416 Gdańsk, Wrzeszcz",Tak,Corolla,Kombi,Benzyna
2002,,206 317 km,,110 KM,Toyota Corolla 2.0D-4D ==Zadbany== Klima* Alu* Zarej.PL* Zamiana* Raty*,Szary,Toyota,Tak,7 300,,Seria E12 (2001-2007),"ul.Bielska 60 - 09-400 Płock, Mazowieckie",Tak,Corolla,Hatchback,Diesel
2003,Francja,188 800 km,Tak,90 KM,"Toyota Corolla 2.0 D4D, SOL,bezwyp.serwis, super stan",Srebrny,Toyota,Tak,13 900,czerwiec 2003,Seria E12 (2001-2007),"UL.WARSZAWSKA 17 -  05-300 Choszczówka Stojecka, miński, Mazowieckie",Tak,Corolla,Kombi,Diesel
2003,Włochy,177 000 km,,90 KM,"Toyota Corolla 2.0 D4D 90km zadbany od prywatnej osoby,",Inny kolor,Toyota,Tak,13 900,kwiecień 2003,Seria E12 (2001-2007),Łęki Dolne,Tak,Corolla,Kombi,Diesel
2004,Polska,141 234 km,Tak,97 KM,Toyota Corolla Salon Polska 1.4 Benzyna,Inny kolor,Toyota,,17 900,,Seria E12 (2001-2007),"Janów Podlaski ul.Cicha7 - 21-505 Janów Podlaski, bialski, Lubelskie",Tak,Corolla,Hatchback,Benzyna
2005,Polska,182 000 km,,90 KM,Toyota Corolla,Srebrny,Toyota,Tak,19 200,styczeń 2006,Seria E12 (2001-2007),Piaseczno,,Corolla,Kombi,Diesel
2004,Niemcy,151 500 km,Tak,110 KM,"Toyota Corolla 1,6 VVTi Benzyna, Klimatronik, Opłacony",Brązowy,Toyota,Tak,15 600,lipiec 2004,Seria E12 (2001-2007),Lwówek Śląski,,Corolla,Kombi,Benzyna
2005,Niemcy,201 000 km,Tak,115 KM,Toyota Corolla 2.0 16V 115 KM-D4D---Lift Climatronic---Model 2006-Idealny Stan-OKAZJA,Inny kolor,Toyota,Tak,15 999,,Seria E12 (2001-2007),Swarzędz,Tak,Corolla,Hatchback,Diesel
1999,Polska,183 000 km,,,"Toyota Corolla zadbana, alufelgi",Niebieski,Toyota,,6 900,,Seria E11 (1997-2002),Częstochowa,,Corolla,Hatchback,Benzyna
2004,Niemcy,175 000 km,,192 KM,Toyota Corolla TS 192KM 2004r T-Sport,Czarny,Toyota,,18 499,,Seria E12 (2001-2007),Tczew,Tak,Corolla,Hatchback,Benzyna
2003,,108 000 km,Tak,110 KM,Toyota Corolla Toyota Corolla 1.6 VVT-i Bezwypadkowa Benzyna Klima - Zadbana !,Srebrny,Toyota,Tak,15 400,,Seria E12 (2001-2007),Kraków,Tak,Corolla,Hatchback,Benzyna
2003,,144 000 km,,97 KM,Toyota Corolla 2 komplety opon zima/lato,Niebieski,Toyota,Tak,8 900,,Seria E12 (2001-2007),"Przemysłowa 1  -  84-200 Wejherowo, wejherowski, Pomorskie",,Corolla,Hatchback,Benzyna
1996,Polska,127 000 km,Tak,,Toyota Corolla 1 Właściciel,Zielony,Toyota,Tak,7 800,październik 1996,Seria E10 (1992-1997),"Bieńczycka 3 - 31-863 Kraków, Małopolskie",Tak,Corolla,Hatchback,Benzyna
2003,Holandia,315 128 km,Tak,90 KM,Toyota Corolla Serwisowany Oryginał 100% D4D bez dwumasy i DPF 1 rejestracja 2004,Niebieski,Toyota,Tak,12 800,styczeń 2004,Seria E12 (2001-2007),Nowy Sącz,Tak,Corolla,Kombi,Diesel
1998,,80 000 km,,86 KM,Toyota Corolla Opłacona,Srebrny,Toyota,Tak,6 600,,Seria E11 (1997-2002),Żywiec,,Corolla,Hatchback,Benzyna
2002,Polska,175 000 km,Tak,110 KM,Toyota Corolla corolla e12 SALON POLSKA 2002 1.6 benzyna klima uszkodzony,Czarny,Toyota,Tak,4 990,,Seria E12 (2001-2007),Siedlce,Tak,Corolla,Hatchback,Benzyna
2003,Niemcy,139 987 km,Tak,97 KM,"Toyota Corolla 1,4 Klimatronik",Czarny,Toyota,,15 300,sierpień 2003,Seria E12 (2001-2007),Zabrze,Tak,Corolla,Hatchback,Benzyna
2005,Niemcy,131 000 km,Tak,110 KM,Toyota Corolla 1.6 VVT-i SOL Oryg. Przebieg 1 Właściciel z Niemiec,Czarny,Toyota,Tak,21 400,,Seria E12 (2001-2007),Legnica,Tak,Corolla,Hatchback,Benzyna
2004,,189 000 km,,90 KM,Toyota Corolla,Inny kolor,Toyota,Tak,11 300,,Seria E12 (2001-2007),"1- go Maja  - 32-332 Bukowno, olkuski, Małopolskie",,Corolla,Kombi,Diesel
2002,Polska,300 000 km,Tak,97 KM,Toyota Corolla Niezawodna Toyota Corolla pierwszy właściciel zamiana!!!,Czerwony,Toyota,,7 900,,Seria E12 (2001-2007),Otmuchów,,Corolla,Hatchback,Benzyna
2003,Niemcy,213 000 km,,90 KM,"Toyota Corolla 2,0 D-4D zarejestrowana + klimatyzacja",Srebrny,Toyota,Tak,10 900,grudzień 2003,Seria E12 (2001-2007),"Suków - 3km od Kielc - 26-021 Suków, kielecki, Świętokrzyskie",,Corolla,Hatchback,Diesel
1999,Polska,136 500 km,Tak,,Toyota Corolla,Zielony,Toyota,Tak,7 300,,Seria E11 (1997-2002),Warszawa,Tak,Corolla,Hatchback,Benzyna
2000,Polska,173 000 km,,90 KM,"Toyota Corolla 1.4 Benz.Vvti,Abs,Wspom,Elektr.173 tys",Inny kolor,Toyota,Tak,5 900,kwiecień 2000,Seria E11 (1997-2002),Sochaczew,Tak,Corolla,Hatchback,Benzyna
2004,Niemcy,197 300 km,Tak,110 KM,Toyota Corolla śliczna z Niemiec od 1-wł 1.6 Webasto TOP Stan LIFT Sol,Srebrny,Toyota,Tak,18 900,sierpień 2004,Seria E12 (2001-2007),Wałbrzych,Tak,Corolla,Hatchback,Benzyna
2002,Polska,226 000 km,,94 KM,Toyota Corolla,Czarny,Toyota,Tak,9 900,maj 2002,Seria E12 (2001-2007),Elbląg,Tak,Corolla,Hatchback,Benzyna
2004,Niemcy,191 000 km,,116 KM,Toyota Corolla z Niemiec,Niebieski,Toyota,Tak,12 200,,Seria E12 (2001-2007),"PIASKOWA 12 - 16-300 Augustów, augustowski, Podlaskie",Tak,Corolla,Kombi,Diesel
2004,Polska,191 000 km,,110 KM,Toyota Corolla,Szary,Toyota,Tak,14 900,,Seria E12 (2001-2007),Gdańsk,,Corolla,Sedan/Limuzyna,Benzyna+LPG
2003,,142 000 km,Tak,90 KM,"Toyota Corolla Klimatronic, serwis, ładna",Srebrny,Toyota,Tak,12 600,,Seria E12 (2001-2007),Wrocław,Tak,Corolla,Hatchback,Benzyna
2004,Niemcy,189 500 km,,105 KM,"Toyota Corolla Zadbana, pełna dokumentacja 3 kluczyki TUV do 04/2017!! Okazja",Beżowy,Toyota,Tak,9 500,lipiec 2004,Seria E12 (2001-2007),Pyrzyce,,Corolla,Hatchback,Benzyna
2004,,200 000 km,,60 KM,Toyota Corolla sedan bezwypadkowa,Srebrny,Toyota,,12 900,,Seria E12 (2001-2007),Rumia,Tak,Corolla,Sedan/Limuzyna,Diesel
2004,,206 000 km,,90 KM,Toyota Corolla 2.0 D4D* klimatronic*parktronic*4xszyby* sprowadzony opłacony*,Inny kolor,Toyota,Tak,11 900,sierpień 2004,Seria E12 (2001-2007),"Poniatowskiego 34 - 86-300 Grudziądz, Kujawsko-pomorskie",,Corolla,Kombi,Diesel
2004,Niemcy,180 000 km,,85 KM,Toyota Corolla D4D 2.0,Fioletowy,Toyota,,15 000,,Seria E12 (2001-2007),Kraków,Tak,Corolla,Hatchback,Diesel
2002,Niemcy,139 600 km,,97 KM,"Toyota Corolla 1,4 VVTI zadbany ekonomiczny KLIMA ALU",Niebieski,Toyota,Tak,7 900,,Seria E12 (2001-2007),Leszno,,Corolla,Hatchback,Benzyna
2003,Włochy,132 000 km,,116 KM,Toyota Corolla Toyota Corolla Kombi 2.0,Szary,Toyota,Tak,15 500,,Seria E12 (2001-2007),Nowy Targ,Tak,Corolla,Kombi,Diesel
2002,Szwecja,128 734 km,,192 KM,Toyota Corolla T-Sport,Srebrny,Toyota,Tak,5 000,kwiecień 2002,Seria E12 (2001-2007),Jaworzno,,Corolla,Hatchback,Benzyna
2002,Niemcy,170 000 km,,97 KM,Toyota Corolla Ogłoszenie prywatne,Zielony,Toyota,,12 500,,Seria E12 (2001-2007),Elbląg,Tak,Corolla,Hatchback,Benzyna
2004,Polska,198 230 km,Tak,103 KM,Toyota Corolla 1.4 16v Salon PL Ładna okazja polecam!!!,Srebrny,Toyota,Tak,13 900,luty 2004,Seria E12 (2001-2007),Krzaki Czaplinkowskie,Tak,Corolla,Kombi,Benzyna
2003,Austria,153 000 km,Tak,,"Toyota Corolla 5-drzwi 1,4VVT-i Klimatyzacja !! Stan IDEALNY !! ZAPRASZAM !!",Srebrny,Toyota,Tak,14 500,,Seria E12 (2001-2007),Sucha Beskidzka,Tak,Corolla,Hatchback,Benzyna
2002,,213 000 km,,90 KM,Toyota Corolla 2.0 D4D 90KM,Niebieski,Toyota,,8 700,maj 2002,Seria E12 (2001-2007),"ul.zaszosie  - 08-440 Lipówki, garwoliński, Mazowieckie",,Corolla,Kombi,Diesel
2003,Niemcy,120 000 km,Tak,116 KM,Toyota Corolla,Srebrny,Toyota,Tak,12 800,wrzesień 2003,Seria E12 (2001-2007),Zielona Góra,,Corolla,Hatchback,Diesel
2002,Niemcy,175 731 km,,97 KM,Toyota Corolla 1.4 sprowadzona oplacona tarnow,Niebieski,Toyota,,8 700,,Seria E12 (2001-2007),Tarnów,,Corolla,Hatchback,Benzyna
2005,,148 000 km,Tak,97 KM,Toyota Corolla Model 2006 Lifting Climatronic 5 Drzwi,Szary,Toyota,Tak,19 900,,Seria E12 (2001-2007),"Małomicka 19j - 59-300 Lubin, lubiński, Dolnośląskie",,Corolla,Hatchback,Benzyna
2005,Niemcy,149 000 km,Tak,110 KM,"Toyota Corolla 1.6-110PS Klimatronik, Serwis ASO, Bezwypadkowa",Srebrny,Toyota,Tak,19 900,,Seria E12 (2001-2007),"Brzezinki 4 - 42-134 Truskolasy, kłobucki, Śląskie",Tak,Corolla,Hatchback,Benzyna
1999,Polska,401 000 km,Tak,86 KM,Toyota Corolla Bardzo zadbana toyota,Czerwony,Toyota,,5 200,październik 1999,Seria E11 (1997-2002),Nowy Staw,Tak,Corolla,Hatchback,Benzyna
2005,Austria,169 507 km,Tak,,Toyota Corolla Toyota Corolla,Szary,Toyota,Tak,16 900,,Seria E12 (2001-2007),Tarnów,Tak,Corolla,Hatchback,Diesel
2004,,179 500 km,,115 KM,"Toyota Corolla po wymianie rozrządu, klocki, tarcze - super stan",Niebieski,Toyota,Tak,17 500,,Seria E12 (2001-2007),"NIEMCEWICZA 3 - 44-274 Rybnik, Śląskie",Tak,Corolla,Hatchback,Diesel
2002,Polska,250 000 km,Tak,116 KM,"Toyota Corolla USZKODZONY SILNIK - SOL - Automat, 1.6 benzyna",Srebrny,Toyota,Tak,11 500,sierpień 2002,Seria E12 (2001-2007),Gdynia,Tak,Corolla,Hatchback,Benzyna
2004,,145 000 km,,110 KM,Toyota Corolla,Inny kolor,Toyota,Tak,9 700,,Seria E12 (2001-2007),Wieliczka,Tak,Corolla,Hatchback,Benzyna
1995,,190 000 km,,75 KM,Toyota Corolla * zarej w PL *,Czerwony,Toyota,,1 900,,Seria E10 (1992-1997),"Zieleniewo k/Stargardu Szcz. ul. Szczecińska 170 - 73-108 Zieleniewo, stargardzki, Zachodniopomorskie",,Corolla,Hatchback,Benzyna
2004,Niemcy,217 000 km,Tak,115 KM,Toyota Corolla Limited Sport Edition jak nowa,Czarny,Toyota,Tak,14 500,listopad 2004,Seria E12 (2001-2007),Wałbrzych,Tak,Corolla,Hatchback,Benzyna
2004,,230 000 km,,90 KM,Toyota Corolla,Zielony,Toyota,Tak,10 500,,Seria E12 (2001-2007),Szczecin,,Corolla,Kombi,Diesel
2002,Włochy,121 000 km,Tak,192 KM,Toyota Corolla T-Sport 1.8 192KM!!!,Szary,Toyota,Tak,15 900,,Seria E12 (2001-2007),"Kokotów - 32-002 Kokotów, wielicki, Małopolskie",Tak,Corolla,Hatchback,Benzyna
2005,Polska,138 000 km,,90 KM,Toyota Corolla Toyota Corolla 1.4 D-4d 2005r.KOMBI - SALON POLSKA,Złoty,Toyota,Tak,15 900,lipiec 2015,Seria E12 (2001-2007),Leżajsk,Tak,Corolla,Kombi,Diesel
1997,Polska,20 000 km,,,Toyota Corolla,Czerwony,Toyota,,900,maj 1997,Seria E10 (1992-1997),Piła,,Corolla,Hatchback,Benzyna
2005,Niemcy,152 000 km,Tak,116 KM,Toyota Corolla Pedantycznie zadbana COROLLA od I właściciela z Niemiec Jak nówka,Szary,Toyota,,17 999,,Seria E12 (2001-2007),"Dębowa 2 - 83-047 Jodłowno, gdański, Pomorskie",Tak,Corolla,Kombi,Diesel
2000,Polska,120 000 km,,97 KM,"Toyota Corolla Do sprzedania Toyota Corolla 1,4 Liftback.",Inny kolor,Toyota,,3 000,maj 2000,Seria E11 (1997-2002),Piekary Śląskie,,Corolla,Hatchback,Benzyna
2000,Polska,169 800 km,,97 KM,Toyota Corolla 1.4 VVTi salon polska*GWARANCJA!!!,Niebieski,Toyota,,7 499,sierpień 2000,Seria E11 (1997-2002),"Nowowarszawska 56 - 15-206 Białystok, Podlaskie",Tak,Corolla,Hatchback,Benzyna
2003,Polska,222 000 km,,116 KM,"Toyota Corolla 116KM, D4D",Srebrny,Toyota,Tak,10 500,luty 2003,Seria E12 (2001-2007),Glina,Tak,Corolla,Hatchback,Diesel
2003,,223 000 km,,90 KM,Toyota Corolla 2.0D4D 90KM,Srebrny,Toyota,Tak,11 900,,Seria E12 (2001-2007),"MIEJSCOWOŚĆ  ZAWADA 97C (przy trasie E4) - 39-200 Dębica, dębicki, Podkarpackie",,Corolla,Kombi,Diesel
2005,Polska,159 500 km,,,Toyota Corolla Toyota Corolla KRAJ,Srebrny,Toyota,Tak,14 950,czerwiec 2005,Seria E12 (2001-2007),Biedrusko,Tak,Corolla,Hatchback,Diesel
2005,,132 000 km,,90 KM,"Toyota Corolla 1.4 D4D, klimatronic, automat",Srebrny,Toyota,Tak,17 700,kwiecień 2005,Seria E12 (2001-2007),"Mszczonowska 111 - 96-100 Skierniewice, Łódzkie",,Corolla,Hatchback,Diesel
2005,,197 000 km,,110 KM,Toyota Corolla Salon Polska 1.6Benzyna-110KM,Inny kolor,Toyota,,15 900,,Seria E12 (2001-2007),"ul.6-go Sierpnia 71 rog al.Włókniarzy - 92-525 Łódź, Śródmieście",,Corolla,Hatchback,Benzyna
2004,,223 000 km,,116 KM,"Toyota Corolla Gwarancja,D4D 116KM,Climatronic,Super stan",Srebrny,Toyota,Tak,11 900,,Seria E12 (2001-2007),"KIELECKA 56B - 26-010 Bodzentyn, kielecki, Świętokrzyskie",,Corolla,Hatchback,Diesel
2004,Belgia,202 000 km,,115 KM,Toyota Corolla,Szary,Toyota,Tak,14 000,,Seria E12 (2001-2007),Bielsk Podlaski,,Corolla,Hatchback,Diesel
2003,Polska,2 012 000 km,,110 KM,Toyota Corolla Salon polska ! klima ! stan bardzo dobry !,Szary,Toyota,Tak,9 700,,Seria E12 (2001-2007),Żelazowa Wola,Tak,Corolla,Kombi,Benzyna
2002,Niemcy,185 000 km,,90 KM,Toyota Corolla Diesel Zamiana,Srebrny,Toyota,Tak,11 900,,Seria E12 (2001-2007),"Strzelce 41 + Rataje ul.Margonińska 3a (rondo ) - 64-800 Chodzież, chodzieski, Wielkopolskie",,Corolla,Sedan/Limuzyna,Diesel
2005,Niemcy,200 000 km,Tak,116 KM,"Toyota Corolla 2005r LIFT 2,0D4D 116KM z Niemiec 1 właściciel Bogate wyposażenie",Złoty,Toyota,Tak,18 200,wrzesień 2005,Seria E12 (2001-2007),Starachowice,Tak,Corolla,Hatchback,Diesel
2001,Polska,181 778 km,,97 KM,"Toyota Corolla 1.4, Salon Polska, Serwis ASO, Klima,ALU",Niebieski,Toyota,,10 300,,Seria E11 (1997-2002),"GEN. LEOPOLDA OKULICKIEGO 3B - 05-500 Piaseczno, piaseczyński, Mazowieckie",Tak,Corolla,Hatchback,Benzyna
2005,Niemcy,162 000 km,,97 KM,"Toyota Corolla 1,4 97KM /Stan Idealny / Klimatronic / Gwarancja",Czarny,Toyota,Tak,18 700,lipiec 2005,Seria E12 (2001-2007),"Pszowska 453a - 44-370 Wodzisław Śląski, wodzisławski, Śląskie",Tak,Corolla,Hatchback,Benzyna
2003,Polska,157 000 km,Tak,97 KM,Toyota Corolla 1.4 Benzyna Salon Polska Klima Okazja,Niebieski,Toyota,,7 900,kwiecień 2003,Seria E12 (2001-2007),"Przygodzice/koło Ostrowa Wlkp Ul. Wrocławska 166 - 63-421 Przygodzice, ostrowski, Wielkopolskie",,Corolla,Kombi,Benzyna
2004,,240 000 km,,90 KM,Toyota Corolla Okazja,Biały,Toyota,,12 500,,Seria E12 (2001-2007),Brzozówka,,Corolla,Kombi,Diesel
2002,Polska,187 km,,97 KM,Toyota Corolla klima salon Polska FV23% zamiana,Niebieski,Toyota,Tak,11 900,,Seria E12 (2001-2007),"Zabłudowska 69 - 15-585 Białystok, Podlaskie",Tak,Corolla,Kombi,Benzyna
2003,Niemcy,126 km,,116 KM,Toyota Corolla,Inny kolor,Toyota,Tak,12 999,,Seria E12 (2001-2007),Kwidzyn,Tak,Corolla,Hatchback,Diesel
1995,,186 000 km,,88 KM,Toyota Corolla Benzyna LPG,Zielony,Toyota,,4 200,,Seria E10 (1992-1997),Wałbrzych,,Corolla,Hatchback,Benzyna+LPG
2005,Niemcy,117 200 km,,97 KM,Toyota Corolla kombi 2005 1.4 benzyna klimatyzacja,Czerwony,Toyota,,11 600,grudzień 2009,Seria E12 (2001-2007),"Genowefa 45 - 62-513 Krzymów, koniński, Wielkopolskie",,Corolla,Kombi,Benzyna
2005,Niemcy,32 000 km,,98 KM,Toyota Corolla ŁADNA ZADBANA 32. 000 km. BOGATE WYPOSAŻENIE Tak tylko 32. 000 km,Srebrny,Toyota,Tak,21 900,marzec 2005,Seria E12 (2001-2007),Wrocław,,Corolla,Hatchback,Benzyna
2004,Niemcy,187 000 km,,116 KM,Toyota Corolla Gwarancja*D4D*116PS*5drzwi*Klimatronik*PodgrzFotele*1ręka*Zamiana,Srebrny,Toyota,Tak,14 900,kwiecień 2004,Seria E12 (2001-2007),"*SALON FIRMY*Leśna 15 OBOK STACJI ORLEN - 64-840 Budzyń, chodzieski, Wielkopolskie",,Corolla,Hatchback,Diesel
2005,Niemcy,156 423 km,,116 KM,"Toyota Corolla 2,0 D4D LIFT klimatronik 5 drzwi",Srebrny,Toyota,Tak,17 400,,Seria E12 (2001-2007),"1 - 83-334 Miechucino, kartuski, Pomorskie",Tak,Corolla,Hatchback,Diesel
2002,Niemcy,229 000 km,,90 KM,Toyota Corolla 2.0 D4D del sol climatronic alu welur rozrząd,Czarny,Toyota,Tak,9 900,grudzień 2002,Seria E12 (2001-2007),Legnica,Tak,Corolla,Kombi,Diesel
1999,,237 000 km,,110 KM,"Toyota Corolla E11 5 drzwi 1,6 LPG 110KM 4A-FE niezawodna i ekonomiczna",Niebieski,Toyota,Tak,4 444,,Seria E11 (1997-2002),Białystok,,Corolla,Hatchback,Benzyna+LPG
2004,,180 000 km,Tak,90 KM,Toyota Corolla Kombi,Szary,Toyota,Tak,13 900,,Seria E12 (2001-2007),Warszawa,Tak,Corolla,Kombi,Diesel
2004,,221 000 km,,116 KM,Toyota Corolla 2.0 D4-D 116KM Klima Opłacona Polecam !!!,Czarny,Toyota,Tak,10 900,,Seria E12 (2001-2007),"Ługi Rętki 39A (trasa W-wa - Terespol) - 08-110 Siedlce, Mazowieckie",,Corolla,Hatchback,Diesel
2005,Austria,143 462 km,,90 KM,"Toyota Corolla 1,4 D-4 Stan Idealny 1 właściciel !",Czarny,Toyota,Tak,16 900,listopad 2005,Seria E12 (2001-2007),"ul.Bielska - 43-356 Kobiernice, bielski, Śląskie",Tak,Corolla,Hatchback,Diesel
2003,Niemcy,248 000 km,,90 KM,Toyota Corolla Toyota Corolla 2.0 d4d kombi serwis klima !!!,Niebieski,Toyota,,11 999,,Seria E12 (2001-2007),Ryki,,Corolla,Kombi,Diesel
2002,Niemcy,191 000 km,Tak,110 KM,"Toyota Corolla 1.6 benzyna, bezwypadkowa",Inny kolor,Toyota,Tak,9 800,listopad 2002,Seria E12 (2001-2007),Łomża,Tak,Corolla,Hatchback,Benzyna
2000,Polska,145 000 km,,110 KM,Toyota Corolla,Biały,Toyota,,7 500,,Seria E11 (1997-2002),Kraków,Tak,Corolla,Hatchback,Benzyna+LPG
2002,Niemcy,202 000 km,,192 KM,"Toyota Corolla T-sport, pakiet TTE, 192 KM, 100% Japończyk",Srebrny,Toyota,Tak,16 999,luty 2002,Seria E12 (2001-2007),Legionowo,Tak,Corolla,Hatchback,Benzyna
1999,Polska,206 000 km,,75 KM,Toyota Corolla sprzedam toyota corolla,Biały,Toyota,,3 999,,Seria E11 (1997-2002),"MŁYŃSKA 2 [RÓG MICKIEWICZA A MŁYŃSKA] - 42-584 Dobieszowice, będziński, Śląskie",,Corolla,Kombi,Benzyna
1998,,146 000 km,,110 KM,"Toyota Corolla Toyota Corolla 1,6",Srebrny,Toyota,,5 500,,Seria E11 (1997-2002),Kowale,,Corolla,Sedan/Limuzyna,Benzyna
2003,,140 000 km,Tak,116 KM,Toyota Corolla 2.0 D SOL Serwisowany 140 tys. km,Szary,Toyota,Tak,13 500,,Seria E12 (2001-2007),"Wybrzeże Gdyńskie 2 - 01-531 Warszawa, Mazowieckie",,Corolla,Hatchback,Diesel
2000,Belgia,274 000 km,Tak,69 KM,Toyota Corolla E11 1.9D***Linea Sol,Zielony,Toyota,Tak,5 499,luty 2000,Seria E11 (1997-2002),Grodzisk Mazowiecki,Tak,Corolla,Hatchback,Diesel
2003,Polska,240 km,,90 KM,Toyota Corolla,Czerwony,Toyota,,11 700,listopad 2003,Seria E12 (2001-2007),Katowice,Tak,Corolla,Kombi,Diesel
2005,Polska,120 000 km,Tak,90 KM,"Toyota Corolla LIFT salon PL, LPG uszkodzona OKAZJA!!!",Szary,Toyota,Tak,4 900,,Seria E12 (2001-2007),Kobylnica,,Corolla,Hatchback,Benzyna+LPG
2004,Polska,179 000 km,Tak,,"Toyota Corolla Bezwypadkowy Japończyk. Salon PL, na łańcuszku rozrządu! 3 x kluczyk.",Biały,Toyota,Tak,15 000,,Seria E12 (2001-2007),Mińsk Mazowiecki,Tak,Corolla,Sedan/Limuzyna,Benzyna
2004,Niemcy,153 500 km,,110 KM,Toyota Corolla [Klmatronic*Alu]zNiemiec/sprowadzona,Czarny,Toyota,Tak,13 900,,Seria E12 (2001-2007),"Łyskowskiego 55 [ OBWODNICA GRUDZIĄDZA ] - 86-300 Grudziądz, Kujawsko-pomorskie",,Corolla,Sportowy/Coupe,Benzyna
2005,Niemcy,219 000 km,Tak,116 KM,Toyota Corolla Klima Alufelgi Bezwypadkowa,Srebrny,Toyota,Tak,15 500,wrzesień 2005,Seria E12 (2001-2007),Kutno,Tak,Corolla,Kombi,Diesel
2001,Polska,200 000 km,,97 KM,Toyota Corolla Nie zawodna oszczędna Toyota z LPG ( dwuletnia instalacja ),Biały,Toyota,,6 800,listopad 2001,Seria E11 (1997-2002),Górzno,Tak,Corolla,Hatchback,Benzyna+LPG
2003,Polska,211 000 km,,110 KM,Toyota Corolla Toyota Corolla 1.6 VVTi z LPG do negocjacji,Srebrny,Toyota,Tak,14 900,listopad 2002,Seria E12 (2001-2007),Libertów,Tak,Corolla,Hatchback,Benzyna+LPG
2005,Niemcy,178 000 km,Tak,110 KM,"Toyota Corolla Automat,Sol plus,Serwis ASO,100% bezwypadkowa!!",Czarny,Toyota,Tak,19 900,styczeń 2006,Seria E12 (2001-2007),"Modlińska 291 A - 03-151 Warszawa, Mazowieckie",Tak,Corolla,Kombi,Benzyna
2002,Niemcy,132 000 km,,97 KM,Toyota Corolla BARDZO DOBRA CENA 1 Właściciel SUPER STAN 2002 ROK 1.4i 97 KM,Srebrny,Toyota,Tak,7 999,,Seria E12 (2001-2007),Gniezno,,Corolla,Kombi,Benzyna
1991,,1 km,,86 KM,Toyota Corolla Zarejestrowany - sprawny - polecam,Czerwony,Toyota,,2 490,,Seria E9 (1987-1992),"ul. Batorego 75A - 65-001 Zielona Góra, Lubuskie",,Corolla,Hatchback,Benzyna
2002,Niemcy,173 800 km,,110 KM,Toyota Corolla corolla 1.6 opłacony polecam okazja,Srebrny,Toyota,,7 600,,Seria E12 (2001-2007),Sieradz,,Corolla,Hatchback,Benzyna
2001,Polska,250 000 km,,98 KM,Toyota Corolla,Srebrny,Toyota,Tak,7 800,listopad 2001,Seria E11 (1997-2002),Warszawa,Tak,Corolla,Hatchback,Benzyna
2002,Polska,198 000 km,,110 KM,Toyota Corolla,Inny kolor,Toyota,Tak,14 900,,Seria E12 (2001-2007),"Długosza 55 - 41-200 Sosnowiec, Śląskie",,Corolla,Hatchback,Benzyna
2003,,194 250 km,,115 KM,Toyota Corolla HB 5-D 2.0 D-4D 115KM TERRA Klima 2003,Biały,Toyota,,10 990,grudzień 2003,Seria E12 (2001-2007),"WARSZAWSKA 2C - 59-800 Lubań, lubański, Dolnośląskie",,Corolla,Hatchback,Diesel
2005,Polska,139 000 km,Tak,90 KM,"Toyota Corolla Salon PL, II właściciel",Inny kolor,Toyota,Tak,17 000,wrzesień 2005,Seria E12 (2001-2007),Mysłakowice,Tak,Corolla,Hatchback,Diesel
2002,Polska,170 000 km,,97 KM,Toyota Corolla Klimatyzacja !!!,Czerwony,Toyota,Tak,9 900,kwiecień 2002,Seria E12 (2001-2007),Kartuzy,,Corolla,Hatchback,Benzyna
2002,Polska,165 000 km,,90 KM,"Toyota Corolla Toyota Corolla 1,4 benzyna 90KM",Czerwony,Toyota,,12 500,marzec 2002,Seria E12 (2001-2007),Katowice,Tak,Corolla,Hatchback,Benzyna
2003,Polska,307 099 km,,110 KM,Toyota Corolla,Bordowy,Toyota,Tak,12 900,grudzień 2003,Seria E12 (2001-2007),Wąsewo,Tak,Corolla,Sedan/Limuzyna,Benzyna
2004,Polska,130 000 km,,95 KM,Toyota Corolla Krajowa Klima Okazja,Niebieski,Toyota,,13 500,,Seria E12 (2001-2007),"JURAJSKA 32 - 42-350 Lgota Górna, myszkowski, Śląskie",,Corolla,Hatchback,Benzyna
2005,,,,,Toyota Corolla 1.4B KLIMA MODEL 2006 JAK NOWY,Biały,Toyota,,18 900,,Seria E12 (2001-2007),"PODROGÓW 1B - 08-300 Sokołów Podlaski, sokołowski, Mazowieckie",Tak,Corolla,Hatchback,Benzyna
1996,Stany Zjednoczone,367 000 km,,105 KM,Toyota Corolla Toyota Corolla DX 1.8l Benz+LPG,Zielony,Toyota,Tak,2 450,kwiecień 1997,Seria E10 (1992-1997),Poznań,,Corolla,Sedan/Limuzyna,Benzyna+LPG
2003,Polska,154 500 km,,116 KM,Toyota Corolla Diesel D4D! 5 drzwi! W pełni sprawny!,Srebrny,Toyota,Tak,9 300,październik 2003,Seria E12 (2001-2007),"Ul. Sporna 4  tylko po kontakcie telefonicznym. - 85-715 Bydgoszcz, Kujawsko-pomorskie",,Corolla,Hatchback,Diesel
1998,Polska,174 900 km,,86 KM,"Toyota Corolla polski salon, bezwypadkowa, garażowana, zarejestrowana",Inny kolor,Toyota,,6 000,grudzień 1998,Seria E11 (1997-2002),Bytom,Tak,Corolla,Hatchback,Benzyna
2005,,167 000 km,,115 KM,Toyota Corolla 2.0 D4d Lift klimatronic,Czarny,Toyota,Tak,16 900,,Seria E12 (2001-2007),"OLKUSZ przy DK94 KRAKÓW-KATOWICE ul.BUCHOWIECKIEGO - 32-300 Olkusz, olkuski, Małopolskie",Tak,Corolla,Hatchback,Diesel
2004,Niemcy,214 000 km,,116 KM,"Toyota Corolla Toyota Corolla 2,0 D4D - ogłoszenie prywatne",Srebrny,Toyota,Tak,14 500,marzec 2004,Seria E12 (2001-2007),Warszawa,,Corolla,Hatchback,Diesel
2004,Niemcy,69 000 km,Tak,90 KM,Toyota Corolla Toyota Corolla LIFT 69 tys ksiazka serw. niemiec 1 wlasciciel 1.4 benz,Srebrny,Toyota,Tak,16 500,grudzień 2004,Seria E12 (2001-2007),Stargard Szczeciński,Tak,Corolla,Hatchback,Benzyna
2004,Niemcy,187 753 km,Tak,116 KM,Toyota Corolla 2.0 D-4-D Klimatronik AlufelgiI Elektryka,Srebrny,Toyota,Tak,14 900,,Seria E12 (2001-2007),Jawor,Tak,Corolla,Hatchback,Diesel
2000,Polska,230 000 km,,97 KM,Toyota Corolla 1.4 VVt-i 97 KM z polskiego salonu,Zielony,Toyota,Tak,7 500,wrzesień 2000,Seria E11 (1997-2002),"Maratońska 111 - 94-007 Łódź, Łódzkie",,Corolla,Hatchback,Benzyna
2003,,95 000 km,,90 KM,Toyota Corolla,Szary,Toyota,Tak,14 300,,Seria E12 (2001-2007),Grabiny,,Corolla,Hatchback,Benzyna
2002,,299 000 km,,90 KM,Toyota Corolla Serwis-2.0D4D-Klimatronic-Tempomat,Inny kolor,Toyota,Tak,9 900,,Seria E12 (2001-2007),"ul.Janowiecka 19 - 62-100 Wągrowiec, wągrowiecki, Wielkopolskie",,Corolla,Kombi,Diesel
2003,,333 000 km,,110 KM,Toyota Corolla Terra,Szary,Toyota,Tak,8 900,,Seria E12 (2001-2007),"Szkubacza 4 - 41-800 Zabrze, Śląskie",,Corolla,Kombi,Benzyna
2004,Niemcy,212 700 km,,120 KM,"Toyota Corolla Sprzedam Toyote 2,0 D4D*klim*elek*opłac*mega stan*Jak nowy*SERVIS",Czarny,Toyota,Tak,13 600,,Seria E12 (2001-2007),"Kochanowskiego 28a -  99-300 Kutno, kutnowski, Łódzkie",Tak,Corolla,Kombi,Diesel
2004,Holandia,197 000 km,,115 KM,Toyota Corolla 2.0D4D 115KM 3drzwi KLIMAtronic okazja,Czarny,Toyota,Tak,11 999,marzec 2004,Seria E12 (2001-2007),"ul. Różana 6 - 08-550 Kłoczew, rycki, Lubelskie",,Corolla,Hatchback,Diesel
2002,,184 263 km,Tak,,"Toyota Corolla opłacona polecam GWARANCJA W CENIE 796,121,509",Biały,Toyota,,10 900,,Seria E12 (2001-2007),"ŻURAWIENIEC 19 - 99300 Kutno, kutnowski, Łódzkie",Tak,Corolla,Kombi,Diesel
2005,Niemcy,132 890 km,Tak,90 KM,"Toyota Corolla 1,4 D4D Klimaatronik Serwis 5 drzwi Opłacony Idealny stan",Srebrny,Toyota,Tak,17 800,październik 2005,Seria E12 (2001-2007),"KOŚCIERSKA HUTA 13 c - 83-400 Kościerzyna, kościerski, Pomorskie",Tak,Corolla,Hatchback,Diesel
1998,Polska,183 371 km,,86 KM,"Toyota Corolla E11, polski salon, bezwypadkowa, zarejestrowana",Srebrny,Toyota,Tak,6 500,,Seria E11 (1997-2002),"Chojniczki, Brzozowa 9 - 89-606 Chojnice, chojnicki, Pomorskie",Tak,Corolla,Hatchback,Benzyna
2005,,194 000 km,,90 KM,Toyota Corolla,Czerwony,Toyota,,14 500,,Seria E12 (2001-2007),Pruchna,,Corolla,Kombi,Diesel
2004,Polska,214 000 km,Tak,97 KM,"Toyota Corolla INSTALACJA GAZOWA,polski salon,FAKTURA WAT 23%,cena brutto",Niebieski,Toyota,,8 300,kwiecień 2004,Seria E12 (2001-2007),Gdańsk,Tak,Corolla,Hatchback,Benzyna+LPG
1998,Polska,226 300 km,,65 KM,Toyota Corolla,Biały,Toyota,,3 000,styczeń 1999,Seria E11 (1997-2002),Częstochowa,,Corolla,Kombi,Benzyna
2002,Polska,236 000 km,Tak,97 KM,Toyota Corolla 1.4 VVti GAZ LPG STAG salon,Niebieski,Toyota,Tak,9 750,,Seria E12 (2001-2007),Dobroszyce,Tak,Corolla,Hatchback,Benzyna+LPG
2005,Polska,175 586 km,,90 KM,Toyota Corolla pierwsza rejestracja 2006; Polski salon,Biały,Toyota,,12 999,marzec 2006,Seria E12 (2001-2007),Warszawa,,Corolla,Kombi,Diesel
1999,,176 000 km,Tak,110 KM,Toyota Corolla,Zielony,Toyota,Tak,6 900,,Seria E11 (1997-2002),"ul. JANA z KOLNA 3 - 65-014 Zielona Góra, Lubuskie",,Corolla,Hatchback,Benzyna
2004,Niemcy,159 800 km,Tak,116 KM,"Toyota Corolla 2.0 D4D , Bogate Wyposażenie , Opłacony , Serwisowany ,",Czarny,Toyota,Tak,15 500,marzec 2004,Seria E12 (2001-2007),"Zabłudowska 87 - 15-587 Białystok, Podlaskie",,Corolla,Hatchback,Diesel
2004,,187 000 km,Tak,110 KM,Toyota Corolla BENZYNA*Automat*Klimatronik*Zarejestrowany w Polsce*Gwarancja,Inny kolor,Toyota,Tak,16 999,,Seria E12 (2001-2007),"os. Północne 1 - 73-108 Morzyczyn, stargardzki, Zachodniopomorskie",,Corolla,Hatchback,Benzyna
2004,Austria,133 000 km,Tak,90 KM,Toyota Corolla,Niebieski,Toyota,Tak,17 300,lipiec 2004,Seria E12 (2001-2007),"Makowska 18 - 34-200 Sucha Beskidzka, suski, Małopolskie",Tak,Corolla,Hatchback,Diesel
2005,Polska,252 000 km,Tak,90 KM,"Toyota Corolla Salon Polska, I rejestracja 2006",Biały,Toyota,,16 500,luty 2006,Seria E12 (2001-2007),"Patriotów 271 - 04-767 Warszawa, Mazowieckie",Tak,Corolla,Kombi,Diesel
2002,Niemcy,181 000 km,,115 KM,Toyota Corolla ładny-bezwypadkowy-po opłatach,Srebrny,Toyota,,11 900,,Seria E12 (2001-2007),"Poznańska 101/2 - 62-200 Gniezno, gnieźnieński, Wielkopolskie",,Corolla,Hatchback,Diesel
2002,Niemcy,163 500 km,Tak,90 KM,Toyota Corolla 2.0 D4D Ks.Serwisowa Zadbana Godna uwagi.,Inny kolor,Toyota,Tak,13 900,marzec 2002,Seria E12 (2001-2007),"Kolejowa obok nr.7   (obwodnica nad rudą) - 44-240 Żory, Śląskie",,Corolla,Kombi,Diesel
2003,Niemcy,122 000 km,Tak,97 KM,Toyota Corolla Toyot Corolla udokumentowany niski przebieg Opłacona,Niebieski,Toyota,Tak,14 900,,Seria E12 (2001-2007),Słomniki,Tak,Corolla,Hatchback,Benzyna
2004,,188 000 km,,116 KM,"Toyota Corolla 2,0 d4d uszkodzony lewy tył, jeździ",Srebrny,Toyota,,7 900,,Seria E12 (2001-2007),"ul.Jasnogórska 38 - 31-358 Kraków, Małopolskie",,Corolla,Hatchback,Diesel
2005,Polska,108 280 km,,110 KM,Toyota Corolla,Inny kolor,Toyota,Tak,24 000,,Seria E12 (2001-2007),"AL. POKOJU 57 - 31-564 Kraków, Czyżyny",,Corolla,Kombi,Benzyna
2002,Polska,305 000 km,,110 KM,Toyota Corolla Sprzedam Toyota Corolla E 12 z LPG (patrz opis),Niebieski,Toyota,Tak,9 500,kwiecień 2002,Seria E12 (2001-2007),Przerośl,Tak,Corolla,Hatchback,Benzyna+LPG
2004,,203 180 km,,,"Toyota Corolla 1,4i LPG 2004r.",Inny kolor,Toyota,,8 900,,Seria E12 (2001-2007),"Białostocka 27 - 16-002 Dobrzyniewo Duże, białostocki, Podlaskie",,Corolla,Kombi,Benzyna+LPG
2002,Polska,242 000 km,Tak,90 KM,Toyota Corolla Corolla E12 2.0 D4D 90KM. Bogate Wyposażenie. Polski Salon.,Niebieski,Toyota,,9 800,,Seria E12 (2001-2007),Bodzentyn,Tak,Corolla,Hatchback,Diesel
2002,,2 km,Tak,90 KM,Toyota Corolla Zarejestrowana w Polsce wersja SOL klimatronic 5D pierwszy wł 2.0 D4-D,Czerwony,Toyota,,12 400,,Seria E12 (2001-2007),Kurów,Tak,Corolla,Hatchback,Diesel
2005,,167 000 km,,116 KM,Toyota Corolla Lift/5drzwi/2.0d4d/Piękna/Opłacona,Szary,Toyota,Tak,15 900,,Seria E12 (2001-2007),Złotów,,Corolla,Hatchback,Diesel
2005,,162 000 km,,97 KM,Toyota Corolla,Srebrny,Toyota,Tak,13 900,,Seria E12 (2001-2007),Gliwice,,Corolla,Hatchback,Benzyna
2001,Niemcy,209 000 km,,90 KM,Toyota Corolla 2.0 d-4d zarejestrowany,Srebrny,Toyota,Tak,4 999,kwiecień 2001,Seria E11 (1997-2002),Poznań,,Corolla,Hatchback,Diesel
1998,Polska,237 331 km,,86 KM,"Toyota Corolla Liftback 1,3 4E-FE 86KM Polski salon w rodzinie od nowości",Bordowy,Toyota,,4 500,,Seria E11 (1997-2002),Rumia,,Corolla,Hatchback,Benzyna
2004,,303 000 km,,122 KM,Toyota Corolla D4D zadbana zarejestrowana,Inny kolor,Toyota,Tak,10 000,,Seria E12 (2001-2007),Lubawa,Tak,Corolla,Kombi,Diesel
2003,Polska,101 000 km,Tak,100 KM,Toyota Corolla 1.6 Salon Polska Klimatyzacja,Niebieski,Toyota,,12 900,,Seria E12 (2001-2007),"Krakowska 87 - 43-300 Bielsko-Biała, Śląskie",Tak,Corolla,Hatchback,Benzyna
2005,Niemcy,129 000 km,Tak,100 KM,Toyota Corolla,Czarny,Toyota,Tak,18 800,marzec 2005,Seria E12 (2001-2007),Legnica,Tak,Corolla,Hatchback,Benzyna
2004,Polska,142 123 km,,97 KM,Toyota Corolla Salon Polska 1.4 Benzyna Zadbana,Inny kolor,Toyota,,17 900,,Seria E12 (2001-2007),Warszawa,,Corolla,Hatchback,Benzyna
1999,Polska,219 000 km,,86 KM,Toyota Corolla,Biały,Toyota,,8 100,,Seria E11 (1997-2002),"SZCZECINSKA 42 - 76-200 Słupsk, Pomorskie",,Corolla,Minivan,Benzyna
2002,,171 000 km,,,Toyota Corolla Polecam,Srebrny,Toyota,Tak,11 500,,Seria E12 (2001-2007),Choroń,,Corolla,Kombi,Diesel
2005,Niemcy,198 232 km,Tak,110 KM,Toyota Corolla ---1.6 B --- 2005r,Czarny,Toyota,Tak,13 300,sierpień 2005,Seria E12 (2001-2007),Czaplinek,Tak,Corolla,Hatchback,Benzyna
2000,Holandia,300 000 km,,115 KM,Toyota Corolla,Czarny,Toyota,Tak,6 500,październik 2000,Seria E11 (1997-2002),Konin,Tak,Corolla,Hatchback,Benzyna+LPG
2002,Niemcy,164 700 km,Tak,110 KM,Toyota Corolla 1.6 VVt-i 110KM Klimatronik Wspomaganie stan BDB,Czarny,Toyota,Tak,14 000,marzec 2002,Seria E12 (2001-2007),"Warszawska 311 - 43-155 Bieruń, Bieruń Nowy",Tak,Corolla,Hatchback,Benzyna
2005,Niemcy,133 300 km,Tak,116 KM,Toyota Corolla Stan Bardzo ładny z Niemiec wersja Sol bezwypadek udo przebieg,Czarny,Toyota,Tak,22 800,,Seria E12 (2001-2007),"ELEKTRYCZNA 2 - 33-100 Tarnów, Małopolskie",Tak,Corolla,Hatchback,Diesel
2003,Polska,150 500 km,Tak,110 KM,"Toyota Corolla 1.6 VVT-i, Salon Polska, 1 właściciel, serwisowany w aso",Inny kolor,Toyota,,17 000,,Seria E12 (2001-2007),"Obornicka 132 - 62-002 Suchy Las, poznański, Wielkopolskie",,Corolla,Sedan/Limuzyna,Benzyna
2003,Polska,225 000 km,Tak,110 KM,Toyota Corolla Sprzedam Pierwszy właściciel SALON POLSKA !!!,Srebrny,Toyota,Tak,10 800,maj 2003,Seria E12 (2001-2007),Słupno,Tak,Corolla,Hatchback,Benzyna
2005,Niemcy,115 000 km,Tak,110 KM,Toyota Corolla Salonowa 1.6 Sol Klimatron.Alu 1właści.-69lat Serwis 6.06.Wyjątk.Stan!,Zielony,Toyota,Tak,19 900,maj 2005,Seria E12 (2001-2007),"Gubińska - 54-444 Wrocław, Dolnośląskie",Tak,Corolla,Sedan/Limuzyna,Benzyna
2004,Polska,128 000 km,,97 KM,"Toyota Corolla Polski Salon , Bezwypadkowa",Szary,Toyota,Tak,15 500,,Seria E12 (2001-2007),Warszawa,Tak,Corolla,Hatchback,Benzyna
2005,Niemcy,115 000 km,Tak,110 KM,Toyota Corolla Salonowa 1.6 Sol 1Właściciel-69lat Wyjątkowo Zadbana Po serwis.6.06.15,Zielony,Toyota,Tak,19 900,czerwiec 2005,Seria E12 (2001-2007),Wrocław,Tak,Corolla,Sedan/Limuzyna,Benzyna
2003,Niemcy,164 000 km,,110 KM,Toyota Corolla 1.6 110ps śliczna jak nowa na orginale 100% bezwypadkowa 1-właściciel,Czerwony,Toyota,,13 900,,Seria E12 (2001-2007),"ŻORY - 44-240 Żory, Śląskie",Tak,Corolla,Hatchback,Benzyna
2002,,245 000 km,,79 KM,Toyota Corolla,Srebrny,Toyota,Tak,10 000,,Seria E12 (2001-2007),Radzyń Podlaski,,Corolla,Hatchback,Benzyna+LPG
2001,Polska,182 000 km,Tak,90 KM,"Toyota Corolla Klimatyzacja,Beawypadkowy, Zamiana",Srebrny,Toyota,Tak,6 900,luty 2001,Seria E11 (1997-2002),"Stolarska 8 - 20-106 Lublin, Lubelskie",Tak,Corolla,Hatchback,Diesel
2004,Niemcy,178 000 km,Tak,97 KM,Toyota Corolla Stan bardzo dobry!,Zielony,Toyota,Tak,16 800,,Seria E12 (2001-2007),"ul.Różańska  84 - 07-300 Ostrów Mazowiecka, ostrowski, Mazowieckie",Tak,Corolla,Hatchback,Benzyna
2002,Belgia,170 000 km,Tak,90 KM,"Toyota Corolla 2,0 90KM Klimatronik serwis do końca",Szary,Toyota,Tak,11 900,,Seria E12 (2001-2007),"WOLA SZCZYGIEŁKOWA 32 - 26-006 Bodzentyn, kielecki, Świętokrzyskie",Tak,Corolla,Hatchback,Diesel
2004,Francja,199 110 km,Tak,110 KM,Toyota Corolla Verso 1.6 VVT-i!! SOL!!,Inny kolor,Toyota,Tak,20 900,grudzień 2004,Seria E12 (2001-2007),"Al. Kazimierza 12 ( Pchli Targ ) - 87-800 Włocławek, Kujawsko-pomorskie",,Corolla,Minivan,Benzyna
2003,Niemcy,177 000 km,Tak,90 KM,Toyota Corolla 1.4 Benzyna Opłacocy,Zielony,Toyota,Tak,9 999,,Seria E12 (2001-2007),"Wiąg 61 B - 86-100 Świecie, świecki, Kujawsko-pomorskie",Tak,Corolla,Kombi,Benzyna
2005,Niemcy,153 000 km,Tak,116 KM,"Toyota Corolla 2,0 D4D 116KM SOL",Niebieski,Toyota,Tak,17 400,,Seria E12 (2001-2007),"55 - 26-432 Wieniawa, przysuski, Mazowieckie",Tak,Corolla,Hatchback,Diesel
1997,Polska,229 000 km,,90 KM,Toyota Corolla Salonowa wersja Japonska wazne oplaty,Czarny,Toyota,Tak,3 900,grudzień 1997,Seria E11 (1997-2002),Mińsk Mazowiecki,,Corolla,Hatchback,Benzyna
2001,Polska,254 000 km,,97 KM,Toyota Corolla 1.4 vvti+lpg,Niebieski,Toyota,Tak,6 700,,Seria E11 (1997-2002),Drwinia,Tak,Corolla,Hatchback,Benzyna+LPG
1998,,252 000 km,,86 KM,Toyota Corolla Niezawodna z LPG,Niebieski,Toyota,,3 800,,Seria E11 (1997-2002),Jaktorów,,Corolla,Hatchback,Benzyna+LPG
2002,,256 000 km,,90 KM,Toyota Corolla klima,Szary,Toyota,Tak,5 900,,Seria E12 (2001-2007),"ul. Hektarowa 41 - 91-230 Łódź, Łódzkie",,Corolla,Hatchback,Diesel
1997,Holandia,252 000 km,,75 KM,Toyota Corolla Sprzedam Toyota corolla r.1997 2.0 diesel,Biały,Toyota,,3 900,wrzesień 2006,Seria E11 (1997-2002),Boguchwała,Tak,Corolla,Hatchback,Diesel
2002,Niemcy,175 000 km,,110 KM,"Toyota Corolla Sprowadzony zarejestrowany, klimatronic !!!",Srebrny,Toyota,Tak,15 900,,Seria E12 (2001-2007),Milejów-Osada,Tak,Corolla,Kombi,Benzyna
2004,Włochy,176 000 km,,116 KM,"Toyota Corolla Toyota Corolla 2.0 D4D 116 KM Wersja SOL z klimatronik, bezwypadkowy",Szary,Toyota,Tak,15 500,maj 2012,Seria E12 (2001-2007),Kraków,Tak,Corolla,Hatchback,Diesel
2003,Niemcy,180 000 km,,97 KM,Toyota Corolla Bezwypadek Serwis ASO Klima Igła,Inny kolor,Toyota,Tak,9 900,,Seria E12 (2001-2007),"Ruda Wieczyńska - 63-308 Gizałki, pleszewski, Wielkopolskie",Tak,Corolla,Hatchback,Benzyna
2005,Polska,184 000 km,Tak,97 KM,Toyota Corolla 1.4 Benzyna 97 KM Salon Polska serwisowany 1 wł klima stan bardzo dobr,Srebrny,Toyota,Tak,18 000,marzec 2005,Seria E12 (2001-2007),"BILCZA  UL  KIELECKA 14 - 26-026 Morawica, kielecki, Świętokrzyskie",,Corolla,Hatchback,Benzyna
2004,Niemcy,171 450 km,,116 KM,Toyota Corolla 2.0 D4d 116km Sol/Niemcy/Zadbana,Zielony,Toyota,Tak,10 990,,Seria E12 (2001-2007),"Żerniki Górne 12  Droga krajowa 73 km.62 - 28-100 Busko-Zdrój, buski, Świętokrzyskie",Tak,Corolla,Hatchback,Diesel
2005,Niemcy,129 000 km,,110 KM,"Toyota Corolla 1.6 Sol,Klimatronik,Alufelgi,Serwisowany,I Właściciel!!!",Złoty,Toyota,Tak,19 500,listopad 2005,Seria E12 (2001-2007),"Zakładowa 4a - 72-100 Goleniów, goleniowski, Zachodniopomorskie",Tak,Corolla,Hatchback,Benzyna
2005,,144 000 km,,90 KM,Toyota Corolla 1.4 D4D Luna,Czarny,Toyota,Tak,17 500,grudzień 2005,Seria E12 (2001-2007),"BIELANY ul. PLEBAŃSKA - 32-651  Bielany, oświęcimski, Małopolskie",Tak,Corolla,Hatchback,Diesel
2001,Polska,253 362 km,,97 KM,Toyota Corolla,Biały,Toyota,,6 900,maj 2001,Seria E11 (1997-2002),"Beskidzka 10 - 43-100 Tychy, Śląskie",,Corolla,Hatchback,Benzyna
2002,Holandia,160 000 km,Tak,97 KM,Toyota Corolla Niezawodna Ponadczasowa. Ideał!,Niebieski,Toyota,Tak,11 990,październik 2002,Seria E12 (2001-2007),"MIKOŁOWSKA 56 - 41-400 Mysłowice, Śląskie",Tak,Corolla,Hatchback,Benzyna
2002,Polska,25 km,Tak,97 KM,"Toyota Corolla z klimą, zadbana, salon Polska !!!",Czerwony,Toyota,,10 500,lipiec 2002,Seria E12 (2001-2007),Białystok,,Corolla,Sedan/Limuzyna,Benzyna
2004,,136 736 km,,110 KM,Toyota Corolla Toyota Corolla 1.6 klimatronik. Zadbana.,Srebrny,Toyota,Tak,17 900,,Seria E12 (2001-2007),Skarżysko-Kamienna,Tak,Corolla,Hatchback,Benzyna
2004,Polska,232 000 km,,90 KM,Toyota Corolla bezwypadkowy serwisowamy kupiony w salonie pl,Inny kolor,Toyota,,11 800,,Seria E12 (2001-2007),"Marii Skłodowskiej Curie 96a - 96-100 Skierniewice, Łódzkie",,Corolla,Kombi,Diesel
2004,Niemcy,134 000 km,Tak,110 KM,Toyota Corolla 1.6benz Klima Elektryka Opłacony,Srebrny,Toyota,Tak,18 900,,Seria E12 (2001-2007),"jeleniogorska 11 - 59-620 Gryfów Śląski, lwówecki, Dolnośląskie",Tak,Corolla,Hatchback,Benzyna
2004,Polska,143 000 km,Tak,110 KM,"Toyota Corolla 1,6 lekko uszkodzony lewy tył,jeździ",Czarny,Toyota,Tak,7 900,grudzień 2003,Seria E12 (2001-2007),"ul.Jasnogórska 38 - 31-358 Kraków, Małopolskie",,Corolla,Kombi,Benzyna
2004,Niemcy,156 000 km,Tak,116 KM,Toyota Corolla 2.0 116KM #D-4D# LIFT z Niemiec,Srebrny,Toyota,Tak,17 500,,Seria E12 (2001-2007),Starachowice,Tak,Corolla,Hatchback,Diesel
2003,,280 000 km,,,Toyota Corolla IX/ kombi / tanio,Biały,Toyota,Tak,8 900,,Seria E12 (2001-2007),"Przemysłowa 1  -  84-200 Wejherowo, wejherowski, Pomorskie",Tak,Corolla,Kombi,Benzyna
2001,Polska,169 000 km,,,"Toyota Corolla -1,4-Salonówka-Zadbana-100% Sprawna!",Niebieski,Toyota,,8 700,marzec 2001,Seria E11 (1997-2002),"WINCENTEGO WITOSA 13A - 37-200 Przeworsk, przeworski, Podkarpackie",,Corolla,Hatchback,Benzyna
2003,Belgia,284 000 km,Tak,90 KM,Toyota Corolla Toyota Corolla Kombi,Srebrny,Toyota,,11 500,lipiec 2011,Seria E12 (2001-2007),Marki,Tak,Corolla,Kombi,Diesel
1997,Polska,167 082 km,,86 KM,"Toyota Corolla e11, 1.4 16v zadbane,czyste i pewne auto, bezwypadkowe!",Czerwony,Toyota,,4 999,listopad 1997,Seria E11 (1997-2002),Piaseczno,,Corolla,Hatchback,Benzyna
1998,Włochy,164 000 km,,82 KM,"Toyota Corolla klimatyzacja, elektronika stan bardzo dobry.",Srebrny,Toyota,Tak,6 900,,Seria E11 (1997-2002),Częstochowa,,Corolla,Kombi,Benzyna
2005,Polska,170 000 km,Tak,90 KM,"Toyota Corolla I Wł, Polski Salon, Oszczędny",Niebieski,Toyota,Tak,16 900,,Seria E12 (2001-2007),"BIAŁYSTOK-POROSŁY KOL.wylot na Warszawę - 16-070 Porosły-Kolonia, białostocki, Podlaskie",Tak,Corolla,Sedan/Limuzyna,Diesel
2005,Stany Zjednoczone,148 303 km,Tak,192 KM,Toyota Corolla wersja USA,Bordowy,Toyota,Tak,15 500,grudzień 2005,Seria E12 (2001-2007),Słupsk,Tak,Corolla,Sedan/Limuzyna,Benzyna
2001,Polska,191 548 km,,97 KM,"Toyota Corolla 1,4 97 KM KLIMA, PL Salon Plichta Dealer Skoda",Srebrny,Toyota,Tak,7 800,sierpień 2001,Seria E11 (1997-2002),"ul. Morska 80 - 81-225 Gdynia, Grabówek",Tak,Corolla,Hatchback,Benzyna
1999,Niemcy,236 000 km,,100 KM,"Toyota Corolla 2,0Diesel Ładna !!!",Niebieski,Toyota,,5 200,,Seria E11 (1997-2002),Lublin,,Corolla,Hatchback,Diesel
1995,Polska,185 000 km,,,Toyota Corolla salon Polska,Bordowy,Toyota,Tak,3 900,,Seria E10 (1992-1997),"Zieleniewo k/Stargardu Szcz. ul. Szczecińska 170 - 73-108 Zieleniewo, stargardzki, Zachodniopomorskie",Tak,Corolla,Sedan/Limuzyna,Benzyna+LPG
2004,Niemcy,169 254 km,,97 KM,"Toyota Corolla Klimatronik,Pełny Serwis!!",Czarny,Toyota,Tak,14 900,,Seria E12 (2001-2007),"ul.Wyszyńskiego 20a - 10-900 Olsztyn, Warmińsko-mazurskie",Tak,Corolla,Hatchback,Benzyna
2003,Polska,229 800 km,Tak,110 KM,"Toyota Corolla 1 właściciel, krajowy",Czerwony,Toyota,,13 900,styczeń 2003,Seria E12 (2001-2007),"Jana Pawła II 51 - 37-450 Stalowa Wola, stalowowolski, Podkarpackie",,Corolla,Kombi,Benzyna
2003,Polska,186 000 km,,110 KM,Toyota Corolla Corolla e12 1-właściciel,Czerwony,Toyota,,8 900,,Seria E12 (2001-2007),Warszawa,,Corolla,Kombi,Benzyna
2004,Polska,211 800 km,Tak,90 KM,"Toyota Corolla Toyota Corolla E12 1,4 Ogłoszenie prywatne",Szary,Toyota,Tak,16 000,grudzień 2004,Seria E12 (2001-2007),Warszawa,Tak,Corolla,Hatchback,Diesel
2002,Niemcy,245 500 km,,90 KM,Toyota Corolla,Srebrny,Toyota,Tak,12 550,wrzesień 2012,Seria E12 (2001-2007),Skarszewy,Tak,Corolla,Sedan/Limuzyna,Diesel
2004,Francja,183 000 km,,115 KM,Toyota Corolla,Srebrny,Toyota,Tak,12 490,kwiecień 2014,Seria E12 (2001-2007),Gdańsk,Tak,Corolla,Hatchback,Diesel
2005,,153 km,,110 KM,Toyota Corolla,Inny kolor,Toyota,Tak,15 000,,Seria E12 (2001-2007),Gostyń,,Corolla,Hatchback,Benzyna
2002,Niemcy,180 000 km,Tak,122 KM,Toyota Corolla klimatronic d4d,Czerwony,Toyota,,10 500,,Seria E12 (2001-2007),"........................................ - 64-500 Szamotuły, szamotulski, Wielkopolskie",Tak,Corolla,Hatchback,Diesel
2004,Polska,181 464 km,,96 KM,"Toyota Corolla bezwypadkowy, salon Pl, serwisowany, kli",Inny kolor,Toyota,Tak,17 900,,Seria E12 (2001-2007),"AL. JANA PAWŁA II 69 - 01-038 Warszawa, Mazowieckie",Tak,Corolla,Hatchback,Benzyna
2002,Polska,229 000 km,Tak,110 KM,Toyota Corolla 1.6 110KM salon PL Wrocław zadbana,Niebieski,Toyota,,11 900,luty 2002,Seria E12 (2001-2007),Wrocław,Tak,Corolla,Hatchback,Benzyna
2002,Polska,296 000 km,,90 KM,"Toyota Corolla klima,ładny stan",Szary,Toyota,,8 900,październik 2002,Seria E12 (2001-2007),Świdnik,,Corolla,Sedan/Limuzyna,Benzyna
2002,Polska,300 000 km,,90 KM,Toyota Corolla,Zielony,Toyota,Tak,9 700,lipiec 2002,Seria E12 (2001-2007),Żyrardów,,Corolla,Kombi,Diesel
2003,Holandia,247 000 km,,116 KM,"Toyota Corolla 2,0 D4D Bezwypadkowy Super Stan",Srebrny,Toyota,Tak,11 900,,Seria E12 (2001-2007),"JANASZÓW 39A - 26-050 Zagnańsk, kielecki, Świętokrzyskie",Tak,Corolla,Hatchback,Diesel
2003,Polska,180 000 km,,96 KM,Toyota Corolla,Srebrny,Toyota,Tak,15 000,kwiecień 2003,Seria E12 (2001-2007),Rybnik,Tak,Corolla,Sedan/Limuzyna,Benzyna
2005,Niemcy,184 200 km,,110 KM,Toyota Corolla 2.0 D4-D 110KM Klimatronik z Niemiec !,Czarny,Toyota,Tak,16 900,,Seria E12 (2001-2007),"Lasowice 98 B - 26-600 Radom, Mazowieckie",Tak,Corolla,Hatchback,Diesel
2005,Francja,190 000 km,,90 KM,Toyota Corolla 1.4D4D Sport LINE klima LIFT s.STAN po oplatach,Srebrny,Toyota,,17 900,,Seria E12 (2001-2007),"UL.MODRZEWIOWA 5 - 21-450 Stoczek Łukowski, łukowski, Lubelskie",,Corolla,Hatchback,Diesel
1999,Niemcy,73 850 km,,,Toyota Corolla jeden właściciel przebieg 73 850 oryginał,Fioletowy,Toyota,Tak,5 999,wrzesień 1999,Seria E11 (1997-2002),Żary,Tak,Corolla,Hatchback,Benzyna
1998,,207 000 km,,86 KM,"Toyota Corolla LPG, Klimatyzacja, Szyberdach - -NIEZAWODNE AUTO",Srebrny,Toyota,Tak,4 799,lipiec 1998,Seria E11 (1997-2002),Leśna,,Corolla,Hatchback,Benzyna+LPG
2005,Niemcy,171 000 km,,116 KM,Toyota Corolla Z Niemiec * Klimatronic *,Szary,Toyota,Tak,14 500,,Seria E12 (2001-2007),"Różyckiego   10 / 64 - 58 506 Jelenia Góra, Zabobrze",Tak,Corolla,Hatchback,Diesel
2002,,163 000 km,Tak,200 KM,Toyota Corolla T-Sport,Inny kolor,Toyota,Tak,17 900,,Seria E12 (2001-2007),Żywiec,,Corolla,Hatchback,Benzyna
1982,,100 000 km,,78 KM,Toyota Corolla E7 Liftback,Czarny,Toyota,,11 000,,E8 i starsze (-1987),Olsztyn,,Corolla,Sportowy/Coupe,Benzyna
2004,Niemcy,99 000 km,Tak,110 KM,Toyota Corolla 1.6VVT-i 110Km Klimatronik LIFT sprzedany,Szary,Toyota,,18 500,październik 2004,Seria E12 (2001-2007),"PÓŁŁANKI 88 - 31-979 Kraków, Małopolskie",Tak,Corolla,Hatchback,Benzyna
2004,Polska,189 000 km,,97 KM,"Toyota Corolla e12, 1.4 benzyna - IGŁA!!!",Czerwony,Toyota,Tak,11 900,,Seria E12 (2001-2007),Mrozy,Tak,Corolla,Hatchback,Benzyna
2002,Niemcy,219 000 km,,90 KM,Toyota Corolla 2.0d4d 90KM/ climatronic / zarejestrowana,Srebrny,Toyota,Tak,9 200,czerwiec 2002,Seria E12 (2001-2007),"Równa 33 - 42-400 Zawiercie, zawierciański, Śląskie",,Corolla,Hatchback,Diesel
2003,Niemcy,137 000 km,Tak,97 KM,Toyota Corolla *1.4 16V*Benzyna*Serwisowany,Niebieski,Toyota,Tak,12 700,,Seria E12 (2001-2007),"ul.Mickiewicza  21a - 32-566 Alwernia, chrzanowski, Małopolskie",Tak,Corolla,Hatchback,Benzyna
2005,Francja,197 000 km,Tak,116 KM,Toyota Corolla Perfekcyjnie utrzymana bogato wyposażona Gorąco Polecam,Inny kolor,Toyota,Tak,19 999,czerwiec 2005,Seria E12 (2001-2007),Łącko,Tak,Corolla,Hatchback,Diesel
2005,Polska,318 860 km,Tak,90 KM,Toyota Corolla Toyota Corolla 1.4 D4D,Biały,Toyota,Tak,14 400,maj 2005,Seria E12 (2001-2007),Brodnica,Tak,Corolla,Hatchback,Diesel
1999,,220 000 km,Tak,86 KM,"Toyota Corolla bardzo zadbana, bezawaryjna, z lpg",Zielony,Toyota,Tak,6 600,,Seria E11 (1997-2002),Jędrzejów,Tak,Corolla,Kombi,Benzyna+LPG
2002,Holandia,211 400 km,Tak,70 KM,Toyota Corolla 1.9 DSL 70KM 3-drzwiowy sprowadzony opłacony,Srebrny,Toyota,Tak,7 400,styczeń 2002,Seria E12 (2001-2007),"Gminna 35 - 22-400 Zamość, Lubelskie",Tak,Corolla,Hatchback,Diesel
2002,Holandia,260 000 km,,116 KM,Toyota Corolla Toyota Corolla,Inny kolor,Toyota,,12 900,,Seria E12 (2001-2007),Zawiercie,,Corolla,Hatchback,Diesel
2003,Polska,231 460 km,,90 KM,Toyota Corolla Sprzedam Toyota Corolla 2003 D4D Diesel Combi,Szary,Toyota,,11 800,lipiec 2003,Seria E12 (2001-2007),Wyszków,,Corolla,Kombi,Diesel
2001,Niemcy,112 178 km,Tak,101 KM,Toyota Corolla 1.4-super stan-LIFT-112 tyś km-pełna dokumentacja serwisowa!!polecam!!,Srebrny,Toyota,Tak,8 199,październik 2001,Seria E11 (1997-2002),Pyrzyce,Tak,Corolla,Hatchback,Benzyna
2004,Polska,168 000 km,,90 KM,Toyota Corolla Salon Polska 2.0 D-4D Stan DB,Srebrny,Toyota,Tak,13 400,kwiecień 2004,Seria E12 (2001-2007),"PRUCHNICKA OBOK ABC - 37-500 Jarosław, jarosławski, Podkarpackie",,Corolla,Kombi,Diesel
2004,Niemcy,215 356 km,Tak,116 KM,Toyota Corolla Bezwypadkowa! Zadbana! Stan BdB! Prywatnie!,Niebieski,Toyota,,12 900,styczeń 2004,Seria E12 (2001-2007),Bełchatów,Tak,Corolla,Hatchback,Diesel
2004,Niemcy,203 210 km,,90 KM,"Toyota Corolla 2,0 D-4D Klima z Niemiec okazja polecam!",Niebieski,Toyota,,8 800,,Seria E12 (2001-2007),"Pukinin - 96-200 Pukinin, rawski, Łódzkie",Tak,Corolla,Kombi,Diesel
2001,,167 000 km,Tak,110 KM,Toyota Corolla,Srebrny,Toyota,Tak,7 900,,Seria E11 (1997-2002),"Binczarowa - 33-330 Grybów, nowosądecki, Małopolskie",Tak,Corolla,Hatchback,Benzyna
1998,,2 km,,,"Toyota Corolla Toyota Corolla.. B+Gaz.. Opłacona.. Zamiana,, Raty..",Czerwony,Toyota,,3 900,,Seria E11 (1997-2002),"WOLNOŚCI - 26-020 Piotrkowice, kielecki, Świętokrzyskie",,Corolla,Hatchback,Benzyna+LPG
2004,,178 000 km,,90 KM,Toyota Corolla Toyota Corolla 1.4 D4D WERSJA SPORT,Srebrny,Toyota,Tak,9 000,,Seria E12 (2001-2007),Duczki,,Corolla,Hatchback,Diesel
2002,Niemcy,129 860 km,,110 KM,Toyota Corolla d4d,Zielony,Toyota,Tak,11 300,,Seria E12 (2001-2007),Kielce,Tak,Corolla,Hatchback,Diesel
2005,Niemcy,151 000 km,,110 KM,Toyota Corolla Stan Idealny z Niemiec bezwypadek,Czarny,Toyota,,22 900,,Seria E12 (2001-2007),"ELEKTRYCZNA 2 - 33-100 Tarnów, Małopolskie",,Corolla,Hatchback,Benzyna
2004,,151 000 km,Tak,110 KM,Toyota Corolla,Czarny,Toyota,Tak,12 900,,Seria E12 (2001-2007),"Binczarowa - 33-330 Grybów, nowosądecki, Małopolskie",Tak,Corolla,Hatchback,Benzyna
2001,Polska,250 000 km,,96 KM,"Toyota Corolla Bezwypadkowa, z polskiego salonu",Srebrny,Toyota,Tak,10 900,styczeń 2002,Seria E12 (2001-2007),Warszawa,Tak,Corolla,Hatchback,Benzyna
2005,,166 000 km,Tak,115 KM,Toyota Corolla,Srebrny,Toyota,Tak,13 900,,Seria E12 (2001-2007),"Binczarowa - 33-330 Grybów, nowosądecki, Małopolskie",Tak,Corolla,Kombi,Diesel
2001,Niemcy,190 800 km,,110 KM,Toyota Corolla 1.6 2001 r. stan bardzo dobry,Srebrny,Toyota,Tak,7 900,kwiecień 2001,Seria E11 (1997-2002),Gdynia,Tak,Corolla,Hatchback,Benzyna
2004,Polska,172 600 km,Tak,97 KM,Toyota Corolla 1.4 Benzyna!! Klimatyzacja!! Salon Polska!!,Czerwony,Toyota,,11 800,,Seria E12 (2001-2007),"Al. Kazimierza 12 ( Pchli Targ ) - 87-800 Włocławek, Kujawsko-pomorskie",Tak,Corolla,Hatchback,Benzyna
2003,Polska,166 366 km,,97 KM,Toyota Corolla Toyota Corolla 2003,Inny kolor,Toyota,,10 900,,Seria E12 (2001-2007),Knurów,Tak,Corolla,Hatchback,Benzyna
2005,Polska,45 000 km,,110 KM,Toyota Corolla 206 climatronic 1.6,Czarny,Toyota,,7 500,,Seria E12 (2001-2007),Ziębice,,Corolla,Hatchback,Benzyna
2005,Austria,114 710 km,,90 KM,Toyota Corolla,Niebieski,Toyota,Tak,18 000,marzec 2010,Seria E12 (2001-2007),Pszczyna,,Corolla,Hatchback,Diesel
2004,Polska,181 000 km,Tak,110 KM,Toyota Corolla 1.6 16V Salon Polska II.WŁ Klimatyzacja,Bordowy,Toyota,Tak,15 950,lipiec 2004,Seria E12 (2001-2007),"Modlińska 157 - 03-186 Warszawa, Białołęka",Tak,Corolla,Kombi,Benzyna
2003,Polska,132 105 km,Tak,97 KM,Toyota Corolla Bezwypadkowa - Salon Polska - 2gi Właściciel - Zadbana - OKAZJA ! ! !,Srebrny,Toyota,Tak,14 990,sierpień 2003,Seria E12 (2001-2007),Przeźmierowo,Tak,Corolla,Hatchback,Benzyna
2004,Belgia,215 000 km,,90 KM,Toyota Corolla E12 Facelift 1.4 D-4D / prywatne,Czarny,Toyota,,16 000,grudzień 2004,Seria E12 (2001-2007),Starachowice,Tak,Corolla,Hatchback,Diesel
2004,Polska,176 124 km,Tak,116 KM,"Toyota Corolla Zadbany, salon Polska,stan BDB, bezwypadkowy",Bordowy,Toyota,Tak,18 990,październik 2004,Seria E12 (2001-2007),Łask,Tak,Corolla,Sedan/Limuzyna,Diesel
2004,,245 000 km,,116 KM,Toyota Corolla,Niebieski,Toyota,,12 900,,Seria E12 (2001-2007),Lublin,Tak,Corolla,Kombi,Diesel
2001,Niemcy,296 000 km,,90 KM,Toyota Corolla toyota corolla,Srebrny,Toyota,,5 900,luty 2001,Seria E11 (1997-2002),Szczytna,,Corolla,Hatchback,Diesel
2001,,250 000 km,,90 KM,Toyota Corolla 2.0 d4d 2001r klima elektryka webasto,Czerwony,Toyota,Tak,5 600,,Seria E11 (1997-2002),"NOWE GRUDZE 27A - 99-420 Łyszkowice, łowicki, Łódzkie",,Corolla,Hatchback,Diesel
1998,,250 000 km,,,Toyota Corolla 1.4 lpg kombi,Czarny,Toyota,,4 200,,Seria E11 (1997-2002),"NOWE GRUDZE 27A - 99-420 Łyszkowice, łowicki, Łódzkie",,Corolla,Kombi,Benzyna+LPG
2003,,190 000 km,,,Toyota Corolla 1.4 vvti gaz lpg klimatyzacja,Czarny,Toyota,,11 500,,Seria E12 (2001-2007),"NOWE GRUDZE 27A - 99-420 Łyszkowice, łowicki, Łódzkie",,Corolla,Kombi,Benzyna+LPG
1997,Polska,213 400 km,Tak,114 KM,"Toyota Corolla 1,6i +gaz 1997/8r sekwencja salon polski",Fioletowy,Toyota,Tak,6 900,październik 1997,Seria E11 (1997-2002),"ul.NAKIELSKA 27 - 85-219 Bydgoszcz, Kujawsko-pomorskie",Tak,Corolla,Sedan/Limuzyna,Benzyna+LPG
2003,Niemcy,1 km,Tak,115 KM,Toyota Corolla Gwarancja Raty Zamiana,Srebrny,Toyota,Tak,14 900,,Seria E12 (2001-2007),"Krzywizna, Plac Przy Drodze Krajowej nr 11. - 46-211 Krzywizna, kluczborski, Opolskie",Tak,Corolla,Hatchback,Diesel
2005,Niemcy,134 000 km,,110 KM,Toyota Corolla 1.6 VVTI 110Ps Sol*Klimatronik*Zadbana*Super Stan,Niebieski,Toyota,Tak,19 700,,Seria E12 (2001-2007),"ul. Łapiguz 82 - 21-400 Łuków, łukowski, Lubelskie",Tak,Corolla,Hatchback,Benzyna
2003,Polska,270 000 km,,97 KM,"Toyota Corolla 1,4 benzyna , E12 , 2003 , Świdnica , ciężarowy",Niebieski,Toyota,,8 000,luty 2003,Seria E12 (2001-2007),Świdnica,Tak,Corolla,Kombi,Benzyna
2004,Polska,155 000 km,Tak,110 KM,"Toyota Corolla 1,6 benzyna, climatronic, pierwszy właściciel",Srebrny,Toyota,Tak,15 900,maj 2004,Seria E12 (2001-2007),Poznań,Tak,Corolla,Hatchback,Benzyna
2005,Polska,119 292 km,Tak,90 KM,"Toyota Corolla Okazja, bezwypadkowy, garażowany, udokumentowany przebieg w ASO,",Złoty,Toyota,Tak,19 999,kwiecień 2005,Seria E12 (2001-2007),Dąbrowa Górnicza,Tak,Corolla,Hatchback,Diesel
2004,,198 000 km,,116 KM,Toyota Corolla 2.0 D-4D CLiMATRONiC ⁯⁯,Czarny,Toyota,Tak,10 000,,Seria E12 (2001-2007),"Zarzecze ul. Blok 14 - 32-340 Wolbrom, olkuski, Małopolskie",,Corolla,Kombi,Diesel
1999,Polska,141 537 km,Tak,110 KM,"Toyota Corolla Kombi 1.6 110KM, 141,5 tys. km, Klima, ABS, 1999r., salon Polska",Srebrny,Toyota,Tak,7 500,,Seria E11 (1997-2002),Toruń,Tak,Corolla,Kombi,Benzyna
2002,Włochy,202 000 km,,192 KM,Toyota Corolla 192 KM T-Sport VVTL-i Skóra Włoch,Inny kolor,Toyota,Tak,11 500,lipiec 2002,Seria E12 (2001-2007),Nowy Sącz,,Corolla,Hatchback,Benzyna
